id,title,target_name,target_kind,target_website,target_repo,synopsis,story,year,start_date,end_date,actor_name,actor_kind,language,cause,motive,transitive,phase,impact_types,impact_users,references,campaigns,artifact_count
animal,ANIMAL early trojan horse program replicates across mainframes,ANIMAL,game,https://fourmilab.ch,,"ANIMAL was one of the earliest documented examples of a self-replicating ""trojan horse"" program. Created by John Walker, it presented as a simple ""20 questions"" game guessing animals but secretly searched the system for other terminals and copies of itself. When run on a clean system, it would install a ""Trojan Horse"" version of itself in the user's account, gradually propagating throughout the system.",,1975,1975-01-01,1976-01-01,Author,maintainer,Assembly,sabotage,experimentation_notoriety,false,source,"benign, proof_of_concept",25,"https://www.fourmilab.ch/documents/univac/animal.html, https://www.fourmilab.ch/documents/univac/animalsrc.html",,1
unix-c-compiler-bell-labs-experiment,Ken Thompson implements compiler backdoor demo,Unix C Compiler (Bell Labs Experiment),compiler,,,"In his 1983 Turing Award lecture (published 1984), Ken Thompson described an experiment he likely implemented years earlier at Bell Labs. He modified the Unix C compiler (`cc`) binary to insert a backdoor into the `login` program during compilation. The compiler was also modified to recognize its own source code and inject both the `login` backdoor logic and the self-replicating compiler modification into any newly compiled compiler binary, even from clean source. This practical demonstration highlighted the fundamental vulnerability of trusting software built with potentially compromised toolchains.",,1983,1983-07-01,1983-08-01,Author,maintainer,C / Assembly,sabotage,experimentation_notoriety,true,source,"benign, proof_of_concept",,"https://www.cs.cmu.edu/~rdriley/487/papers/Thompson_1984_ReflectionsonTrustingTrust.pdf, https://niconiconi.neocities.org/posts/ken-thompson-really-did-launch-his-trusting-trust-trojan-attack-in-real-life/, https://dl.acm.org/doi/10.1145/358198.358210",,1
wuftpd,wu-ftpd source distribution trojaned with backdoor,wuftpd,daemon,https://ftp.wustl.edu,,The source code distribution for the popular wu-ftpd FTP server was modified by an attacker to include a backdoor. This trojaned version was then uploaded to the primary distribution site. The backdoor allowed attackers who knew the trigger mechanism to gain root privileges on systems that compiled and ran the compromised server.,"In March 1994, copies of the wuarchive ftpd source distribution were found to have been modified at trusted FTP distribution points. The compromised source affected at least wu-ftpd 2.2, and CERT later warned that version 2.1f and possibly earlier versions may also have been exposed. The practical risk was severe for the era: administrators could compile what looked like normal upstream FTP daemon source and unknowingly install a root-level backdoor.

The delivery was the normal source-fetch and compile path for an FTP daemon. The attacker did not need to exploit a running wu-ftpd instance first. The archive itself was the exploit vehicle, and the installed daemon carried the result.

CERT's advisory told sites running wuarchive ftpd to install version 2.3 or disable the FTP daemon, and it published checksums so administrators could distinguish known-good and trojaned archives. A contemporary comp.unix.admin thread captured how quickly the incident became a reference point for open-source distribution trust: operators discussed the backdoored FTP daemon, compared it with earlier trusting-trust ideas, and treated the official source channel itself as the compromised boundary.
",1994,1994-03-28,1994-03-28,Individual Hacker,person,C,compromised_infrastructure,unauthorized_access_control,false,distribution,"backdoor, remote_code_execution",,"CERT Advisory CA-1994-07: wuarchive ftpd Trojan Horse <https://www.cert.org/historical/advisories/CA-1994-07.cfm>, wuftpd backdoor notes <https://web.archive.org/web/20030804000609/http://www.team.net/mjb/hawp/hacks/wuftpd.html>, comp.unix.admin: wuarchive ftpd Trojan <https://groups.google.com/g/comp.unix.admin/c/5gZt3uQbJ9E>",,1
ircii-1994,ircII 2.2.9 UNIX client source distributed with account backdoor,ircII,application,,,"Some copies of the ircII 2.2.9 source code for UNIX systems contained a Trojan horse that created a backdoor into accounts running the IRC client. CERT said corrupt source was available from many FTP sites as early as May 1994 and was actively exploited, exposing ordinary user accounts and any system account that ran the client.","In October 1994, CERT warned that some copies of the ircII 2.2.9 UNIX client source contained a Trojan horse. The corrupt source had been available from many FTP sites as early as May, although CERT did not have a specific first date. Because ircII could be compiled and installed without special privileges, the compromised boundary was not only a central administrator's package tree; any user might have built the poisoned client locally.

The delivery was ordinary source distribution. Users fetched an IRC client from FTP sites, compiled it, and ran it under their own accounts. The malicious change rode inside that source tree; the trusted action was the build.

The backdoor gave remote intruders access to accounts running the IRC client, and CERT said exploitation was already active. The advisory suggested searching binaries for the strings `JUPE` or `GROK`, but warned that backdoor words could be changed and urged sites to install ircII 2.6 instead. In the language of early Internet trust, this was a userland source tarball becoming a quiet door into real shell accounts.
",1994,1994-05-01,1994-10-19,Unknown attacker,unknown,C,compromised_infrastructure,unauthorized_access_control,false,distribution,"backdoor, remote_code_execution",,"CERT Advisory CA-94:14: Trojan Horse in IRC Client for UNIX <https://stuff.mit.edu/afs/athena.mit.edu/astaff/reference/cert/Advisories/CA-94:14.trojan.horse.in.IRC.client.for.UNIX>, CERT Coordination Center 1994 Annual Report <https://www.sei.cmu.edu/documents/2339/1995_001_001_83550.pdf>",,1
ircii,ircII FTP distribution backdoored for remote access,ircII,application,https://ftp.irc.org,,"The official FTP server (ftp.irc.org) hosting the ircII source code was compromised. The `ircii-2.8.2.tar.gz` distribution was modified; specifically, the file `ircd/s_bsd.c` had a backdoor inserted. This backdoor connected to IP 198.168.253.139 on TCP port 30000 and attempted to start an interactive shell (`/bin/sh -i`), allowing remote access with the privileges of the user running ircII.",,1998,1998-10-22,1999-01-21,Individual Hacker,person,C,compromised_infrastructure,unauthorized_access_control,false,distribution,"backdoor, remote_code_execution",,"https://www.cert.org/historical/advisories/CA-1999-01.cfm, https://web.archive.org/web/20091027105544/http://geocrawler.com/archives/3/55/1998/10/0/2177558/",,1
util-linux,util-linux source archive trojanized,util-linux,application,https://ftp.win.tue.nl,https://github.com/util-linux/util-linux,"The util-linux 2.9g source archive was replaced on an official distribution site during the same 1999 advisory window as the tcp-wrappers compromise. The malicious change targeted login code, allowing credential theft and unauthorized command execution after administrators built and installed the package. This is a distinct record from tcp-wrappers, even though both were covered by the same CERT-era warning.",,1999,1999-01-21,1999-01-22,Unknown attacker,unknown,C,compromised_infrastructure,unauthorized_access,false,distribution,"credential_theft, remote_code_execution",,"https://seclists.org/bugtraq/1999/Jan/286, https://www.linuxtoday.com/security/cert-advisory-ca-99-02-trojan-horses/, https://www.linuxtoday.com/security/util-linux-2-9g-compromised/",,1
tcp-wrappers,tcp-wrappers distribution trojanized granting remote root,tcp-wrappers,library,https://ftp.win.tue.nl,,"The official source code distribution tarball for tcp-wrappers version 7.6 (`tcp_wrappers_7.6.tar.gz`) was replaced with a trojaned version on several FTP distribution sites, including the primary site at the time (Eindhoven University). The backdoor provided root access to attackers initiating connections from source port 421 and also sent system information via email upon compilation.","In January 1999, the trusted tcp-wrappers source archive became the attack path. CERT confirmed that copies of `tcp_wrappers_7.6.tar.gz` had been modified by an intruder and made available through FTP distribution sites, including the Eindhoven University site that served as the primary upstream location at the time.

The delivery was ordinary FTP retrieval of version 7.6. The file name, project, and expected installation flow all looked normal. The difference was in the archive content and in the checksum, which became the reliable way to split clean source from trojaned source.

The backdoor was small. It could grant root access when an attacker connected from source port 421, and the build also sent identifying system information by email. CERT reissued the advisory on January 22 to correct the port direction, note Wietse Venema's move to a new official distribution site, and publish checksums that let administrators separate authentic source from poisoned source.
",1999,1999-01-21,1999-01-22,Individual Hacker,person,C,compromised_infrastructure,unauthorized_access_control,false,distribution,"backdoor, remote_code_execution",,"CERT Advisory CA-99.01: Trojan TCP Wrappers <https://web.archive.org/web/20140720105610/http://www.cert.org/advisories/CA-1999-01.html>, Bugtraq: CERT Advisory CA-99.01 - TCP Wrappers Trojan Horse <https://seclists.org/bugtraq/1999/Jan/282>, Sun Managers: Break-in? / tcp-wrappers <https://www.cs.toronto.edu/sunmanagers/1999/0096.html>, FedCIRC Advisory FA-99-01: Trojan Horse Version of TCP Wrappers <https://attrition.org/security/advisory/fedcirc/1999/fedcirc.99.01.txt>, Wikipedia: TCP Wrappers security incident <https://en.wikipedia.org/wiki/TCP_Wrappers#Security>",,1
irssi,Irssi configure script backdoored,irssi,application,https://irssi.org,https://github.com/irssi/irssi,"The irssi.org server was cracked, and the official Irssi 0.8.4 source distribution served a modified configure script for about two months. The backdoor forked during configuration, connected to 204.120.36.206 on TCP/6667, and handed stdin, stdout, and stderr to the remote socket. The project restored the site and released Irssi 0.8.4a with a clean configure script.","In March 2002, irssi.org was cracked and the Irssi 0.8.4 source distribution was altered through its `configure` script. For roughly two months, users building from the official source archive could execute attacker-added C code before they ever ran the IRC client. The project disclosed the compromise on May 25 and noted that binaries were not affected.

The delivery point was the build system. The archive still looked like Irssi source, but `configure` carried the hostile logic. That made the user's normal compile step the execution point, before package install, service startup, or IRC traffic.

The injected code looked like a small autoconf test, but it forked, opened a TCP connection to 204.120.36.206 on port 6667, and duped standard input, output, and error to that socket. The practical detection advice was equally direct: grep the source tree for `SOCK_STREAM` in `configure`, replace the source, and verify future releases with the author's GPG key.
",2002,2002-03-14,2002-05-25,Unknown attacker,unknown,Shell,website_compromise,unauthorized_access,false,distribution,"backdoor, remote_code_execution",,"irssi.org cracked, irssi's configure backdoored for past two months <https://irssi.org/2002/05/25/irssi.org-cracked-irssis-configure-backdoored-for-past-two-months/>, irssi backdoor <https://artofhacking.com/tucops3/hack/unix/live/aoh_unix5372.htm>, NVD: CVE-2002-1840 <https://nvd.nist.gov/vuln/detail/CVE-2002-1840>, CVEFeed: CVE-2002-1840 <https://cvefeed.io/vuln/detail/CVE-2002-1840>",,1
monkey-org-dsniff-fragroute,"monkey.org dsniff, fragroute, and fragrouter source tarballs backdoored",monkey.org,project_host,https://www.monkey.org,,"The monkey.org host serving Dug Song's security tools was compromised on May 14, 2002, and attackers modified the dsniff 2.3, fragroute 1.2, and fragrouter 1.6 source tarballs at 03:00 on May 17. The altered configure script compiled a connect-back shell to 216.80.99.202:6667, exposing Unix systems that built the poisoned official downloads.","In May 2002, monkey.org was compromised through an epic4-pre2.511 client-side hole that yielded access to a local administrator account and then to a root screen session. At 03:00 on May 17, the dsniff 2.3, fragroute 1.2, and fragrouter 1.6 tarballs were modified to include a configure-time backdoor. The downloads were not impostors; they came from the project host used for Dug Song's security tools.

The delivery method was repeated across three security tools. Each poisoned archive used the familiar source-build path, with `configure` writing and compiling `conftest.c`. Users asked for packet and network tooling; the build ran attacker code first.

The injected configure block wrote `conftest.c`, compiled it, and executed it during the build. The payload forked, connected to 216.80.99.202 on TCP/6667, and handed stdin, stdout, and stderr to `/bin/sh`. Dug Song reported 1,951 successful downloads of the backdoored tarballs before discovery around May 24, including hundreds of Unix hosts and automated BSD ports fetches, then restored the system from scratch and published clean checksums.
",2002,2002-05-17,2002-05-24,Unknown attacker,unknown,C,compromised_infrastructure,unauthorized_access_control,false,distribution,"backdoor, remote_code_execution",1951,"fragroute, dsniff and fragrouter have been backdoored <https://artofhacking.com/tucops3/hack/unix/live/aoh_unix5397.htm>, Backdoored dsniff, fragroute and fragrouter <https://www.helpnetsecurity.com/2002/06/03/backdoored-dsniff-fragroute-and-fragrouter/>, Download Sites Hacked, Source Code Backdoored <https://seclists.org/isn/2002/Jun/8>, LWN Security reports for June 2002 <https://lwn.net/Articles/809/>, NVD: CVE-2002-2049 <https://nvd.nist.gov/vuln/detail/CVE-2002-2049>",,3
openssh,Trojan Horse in OpenSSH Distribution Files,openssh,application,https://www.openssh.com,,"OpenSSH 3.2.2p1, 3.4p1, and 3.4 source archives on the OpenBSD FTP server were trojanized between July 30 and August 1, 2002, with copies possibly spreading through mirrors. The inserted code ran during compilation, connected outbound on TCP/6667, and allowed arbitrary commands as the user building the software, turning trusted source installation into host compromise.","At the end of July 2002, source archives for OpenSSH were replaced on the OpenBSD FTP server and potentially propagated by the normal mirror network. The affected files were `openssh-3.4p1.tar.gz`, `openssh-3.4.tgz`, and `openssh-3.2.2p1.tar.gz`; the project replaced them with clean originals at 13:00 UTC on August 1.

The attacker changed source distribution, not the SSH protocol. The tainted archives carried `bf-test.c`, and the build system compiled and executed it during `configure`. A system could be compromised by building OpenSSH even if it never deployed the resulting daemon.

The payload lived in `bf-test.c` and executed during the build, not when a running SSH daemon handled traffic. Once compiled, it attempted hourly outbound connections to an IRC-style port and could execute attacker-supplied commands as the build user. CERT's advisory treated any host that built the trojaned source as compromised and told mirrors, redistributors, and administrators to verify signatures and checksums rather than trusting timestamps or file sizes.

The detection path was ordinary package hygiene. Isosceles notes that FreeBSD ports already had expected checksums, so a developer building the tainted archive saw a mismatch. The short exposure window prevented broader compromise, but the attack showed that replacing source archives on trusted infrastructure was enough to reach high-value Unix systems.
",2002,2002-07-30,2002-08-01,Unknown,unknown,C,compromised_infrastructure,unauthorized_access_control,false,distribution,"backdoor, remote_code_execution",,"OpenSSH Security Advisory adv.trojan <https://www.openssh.com/txt/trojan.adv>, Bugtraq: OpenSSH Security Advisory - Trojaned Distribution Files <https://marc.info/?l=bugtraq&m=102821663814127&w=2>, OpenSSH Backdoors <https://blog.isosceles.com/openssh-backdoors/>, CERT Advisory CA-2002-24 Trojan Horse OpenSSH Distribution <https://groups.google.com/g/comp.security.announce/c/Y7V0PyvQXJ8>, Cygwin mailing list: CERT Advisory CA-2002-24 Trojan Horse OpenSSH Distribution <https://sourceware.org/legacy-ml/cygwin/2002-08/msg00102.html>, OpenSSH Security Advisory <https://undeadly.org/cgi?action=article&sid=20020801122759>, Trojan horse found in OpenSSH <https://www.itworldcanada.com/article/trojan-horse-found-in-openssh/25256>, CERT Advisory CA-2002-24: Trojan Horse OpenSSH Distribution <https://www.cert.org/advisories/CA-2002-24.html>, OpenSSH Trojan <https://www.mavetju.org/unix/openssh-trojan.php>, Slashdot comment on OpenSSH trojan details <https://slashdot.org/comments.pl?sid=37188&cid=3991288>",,3
sendmail,Sendmail official FTP source distribution trojanized (8.12.6),sendmail,daemon,https://ftp.sendmail.org,,"The official Sendmail FTP server, ftp.sendmail.org, was compromised and the 8.12.6 .tar.gz and .tar.Z source archives were replaced with trojanized versions; HTTP downloads were not believed affected. The malicious code ran during compilation, connected to spatula.aclue.com (66.37.138.99) on TCP/6667, and opened a shell as the build user, compromising build hosts rather than already-running Sendmail daemons.","From about September 28 to October 6, 2002, the official Sendmail FTP server distributed trojaned copies of the 8.12.6 source archives. The compromise hit one of the Internet's default pieces of mail infrastructure: administrators who fetched source from the trusted FTP path could build a backdoored Sendmail without ever touching an exploit against a running daemon.

The delivery was limited but dangerous. The `.tar.gz` and `.tar.Z` archives on FTP were replaced; HTTP downloads were not believed affected. The malicious code executed during compilation, making the build host the first victim.

The malicious code ran during compilation, forked a process, and connected to `spatula.aclue.com` at 66.37.138.99 on TCP/6667. From there, the attacker could open a shell with the privileges of the build user. CERT emphasized the subtle impact: the exposed system was the build host, and because it initiated the outbound connection, the backdoor could create a tunnel through perimeter controls that would otherwise have blocked inbound access.
",2002,2002-09-28,2002-10-06,Individual Hacker,person,C,compromised_infrastructure,unauthorized_access_control,false,distribution,"backdoor, remote_code_execution",,"CERT Advisory CA-2002-28: Trojan Horse Sendmail Distribution <https://web.archive.org/web/20140720105607/http://www.cert.org/advisories/CA-2002-28.html>, Bugtraq: CERT Advisory CA-2002-28 Trojan Horse Sendmail Distribution <https://seclists.org/bugtraq/2002/Oct/122>, Sendmail 8.12.6 Trojan Horse Exploit <https://www.exploit-db.com/exploits/21919>, SecurityFocus BID 5921: Sendmail Trojan Horse Distribution <https://web.archive.org/web/20210515121835/https://www.securityfocus.com/bid/5921/info>, NVD: CVE-1999-0661 <https://nvd.nist.gov/vuln/detail/CVE-1999-0661>, Trojan horse in Sendmail source code <https://www.smh.com.au/technology/trojan-horse-in-sendmail-source-code-20021009-gdfpip.html>",,1
tcpdump-libpcap,tcpdump.org source tarballs trojanized,tcpdump/libpcap,application,https://tcpdump.org,https://github.com/the-tcpdump-group/tcpdump,"The tcpdump.org distribution site was compromised in November 2002, and source archives for tcpdump and libpcap were replaced with trojanized versions. The inserted code ran during configuration and compilation, downloaded and built a payload, then connected outbound on TCP/1963 to accept commands, turning trusted packet-analysis tooling into a remote-access foothold for systems built from the poisoned official archives.","In November 2002, the tcpdump.org HTTP distribution path began serving trojaned source archives for both tcpdump and libpcap. CERT and CIAC identified modified copies of `tcpdump-3.6.2.tar.gz`, `tcpdump-3.7.1.tar.gz`, and `libpcap-0.7.1.tar.gz`; the poisoned downloads appeared around 10:14 GMT on November 11 and were disabled at 15:05:19 GMT on November 13.

The delivery split across related tools. tcpdump carried build-time code that fetched and compiled a payload. libpcap, the packet capture library under it, was changed to hide traffic on the port the payload used.

This compromise was more elaborate than a single hidden shell. The tcpdump configure script attempted to fetch a shell script named `services` over HTTP, generate `conftes.c`, compile it, and run it. The resulting program connected to a fixed address on TCP/1963 and accepted byte-sized commands to exit, sleep, or spawn an obfuscated shell. Libpcap was changed in `gencode.c` to hide traffic on port 1963, bending the sniffer's own eyes away from the backdoor.
",2002,2002-11-11,2002-11-13,Unknown attacker,unknown,C,compromised_infrastructure,unauthorized_access,false,distribution,"backdoor, remote_code_execution",,"Arch Linux forum thread on trojaned tcpdump/libpcap sources <https://bbs.archlinux.org/viewtopic.php?id=165>, Popular packet sniffing packages contaminated by Trojan <https://www.theregister.com/security/2002/11/14/popular-packet-sniffing-packages_contaminated_by_trojan/>, libpcap and tcpdump sources trojaned <https://linuxsecurity.com/news/hackscracks/libpcap-and-tcpdump-sources-trojaned>, Trojaned tcpdump and libpcap <https://lwn.net/Articles/15485/>, CERT Advisory CA-2002-30: Trojan Horse tcpdump and libpcap Distributions <https://seclists.org/cert/2002/35>, CIAC N-014: Trojan Horse tcpdump and libpcap Distributions <https://artofhacking.com/tucops3/hack/linux/live/aoh_n-014.htm>",,3
linux,Linux kernel bk2cvs mirror backdoor insertion attempt,linux,os,https://www.kernel.org,https://git.kernel.org,"An attacker attempted to insert a two-line backdoor into the Linux kernel's bk2cvs mirror by modifying kernel/exit.c outside the authoritative BitKeeper workflow. The injected wait4() condition used `current->uid = 0`, an assignment that would grant root privileges before returning an error. BitMover detected the bogus CVS revisions because they lacked BitKeeper backlink metadata, and the change was removed before any kernel release or distributor package included it.","In November 2003, the Linux kernel was maintained in BitKeeper, with a separate CVS mirror available for developers who could not or would not use BitKeeper directly. An attacker modified the CVS-side `kernel/exit.c` history on kernel.bkbits.net instead of landing a real BitKeeper changeset. That distinction mattered: the poisoned revisions appeared in the mirror, but not in the authoritative development tree used for mainline integration.

The change was small enough to be read and large enough to matter. It lived in `kernel/exit.c`, in the wait path, and looked like an error check. The planted CVS revisions lacked normal BitKeeper logical-change backlinks, which made the source-control metadata as important as the C code.

The inserted code checked for `options == (__WCLONE|__WALL)` and then evaluated `current->uid = 0`, turning what looked like a comparison into an assignment that would make the caller root. BitMover's conversion checks caught the fraud quickly because normal CVS mirror entries carried logical-change backlinks to BitKeeper changesets, while the planted revisions did not. The incident became an early, concrete example of why source-control provenance matters as much as code review.
",2003,2003-11-05,2003-11-05,Unknown attacker,unknown,C,compromised_infrastructure,unauthorized_access_control,false,source,"backdoor, privilege_escalation",,"The Linux Backdoor Attempt of 2003 <https://blog.citp.princeton.edu/2013/10/09/the-linux-backdoor-attempt-of-2003/>, An attempt to backdoor the kernel <https://lwn.net/Articles/57135/>, BK2CVS problem <https://lwn.net/Articles/57137/>, LWN: Almost right <https://lwn.net/Articles/57237/>, Phrack: Linux on-the-fly kernel patching without LKM <http://phrack.org/issues/62/4.html#article>",,1
webmin-2006,Webmin SourceForge mirror distributes backdoor (2006),webmin,daemon,,,"A compromised SourceForge mirror distributed a modified Webmin 1.290 archive. The tampered release carried a backdoor in /usr/libexec/webmin/openiscsi/edit_args.cgi, allowing crafted HTTP requests to reach remote command execution as root through software that administrators had downloaded from a trusted public mirror.",,2006,2006-08-10,2006-08-13,Individual Hacker,person,Perl,compromised_infrastructure,unauthorized_access_control,false,distribution,"backdoor, remote_code_execution",,"https://www.webmin.com/exploit.html, https://www.theregister.com/2006/08/17/webmin_exploit/, https://isc.sans.edu/diary/Webmin+1.290+Backdoor/1614",,1
wordpress,WordPress official download backdoored enabling remote execution (2.1.1),wordpress,daemon,https://wordpress.org,,"Shortly after its release, the official WordPress 2.1.1 download package (`.zip`) hosted on wordpress.org was compromised by attackers who gained access to a web server. Obfuscated malicious PHP code was injected into core files (`wp-includes/vars.php` and possibly `wp-includes/theme.php`), creating a backdoor. This backdoor allowed remote attackers to pass arbitrary PHP code via specific request parameters (like `ix` or `iz`) for execution on the server, effectively granting them control over sites that installed the compromised package. The WordPress team detected the compromise quickly, removed the malicious package, and released version 2.1.2 with fixes and additional security hardening.",,2007,2007-02-21,2007-02-22,Individual Hacker,person,PHP,compromised_infrastructure,unauthorized_access_control,false,distribution,"backdoor, remote_code_execution",,"https://wordpress.org/news/2007/03/upgrade-to-wordpress-212/, https://threatpost.com/wordpress-fixes-security-issues-in-core-engine-021622/21404/, https://www.thetechherald.com/tech-news/wordpress-211-infected-with-backdoor-code/",,1
phpmyadmin-2009,phpMyAdmin SourceForge mirror distributes JavaScript malware (2009),phpmyadmin,application,,https://github.com/phpmyadmin/phpmyadmin,"Downloads of phpMyAdmin obtained from certain compromised SourceForge mirrors contained injected malicious JavaScript code within legitimate files (like js/cross_framing_protection.js). When an administrator used the compromised phpMyAdmin installation, this JavaScript executed in their browser, potentially redirecting them or loading external malicious content. This was separate from a later backdoor incident in 2012.",,2008,2008-12-01,2009-01-21,Cybercriminal Gang,group,Javascript,compromised_infrastructure,financial_gain,false,distribution,"unauthorized_system_modification, malware_propagation",,"https://web.archive.org/web/20090202060440/http://www.phpmyadmin.net/home_page/security.php?issue=PMASA-2009-1, https://www.securityfocus.com/bid/33200",,1
unrealircd,UnrealIRCd distribution tarball backdoored for RCE,unrealircd,daemon,https://unrealircd.org,,"The official UnrealIRCd 3.2.8.1 source distribution was replaced on project mirrors around November 10, 2009 and remained exposed until June 12, 2010. The injected code disguised itself behind DEBUGMODE3 logic and executed arbitrary commands with the daemon user's privileges when a client sent input beginning with AB. The project forum notice identified the bad tarball MD5 as 752e46f2d873c1679fa99de3f52a274d and said Windows binaries, CVS, and earlier versions were not affected.","Around November 10, 2009, UnrealIRCd 3.2.8.1 source mirrors were replaced with a tarball containing a backdoor. The substitution was not discovered until June 12, 2010, leaving a seven-month window in which users who built the IRC server from project mirrors could deploy attacker-modified source. The project forum notice said official Windows binaries, CVS, 3.2.8, and earlier releases were not affected.

The delivery was source distribution through project mirrors. The changed archive built a daemon that behaved normally until it received the trigger. That made detection depend on source comparison, signatures, or runtime knowledge of the magic input.

The source change was disguised as `DEBUGMODE3` logic. When input began with `AB`, `DEBUGMODE3_INFO` matched and `DEBUG3_LOG` ultimately called `system()`, executing the rest of the client-supplied command as the user running the daemon. The project told users to grep include/struct.h for `DEBUG3_DOLOG_SYSTEM`; two matching lines meant the running tree was trojanized.

The response was a lesson in distribution hygiene. The project restored the good April 2009 archive, published MD5s for good and bad files, told affected administrators to re-download, verify, recompile, and restart, and said it would re-implement PGP/GPG signing. The Register captured the blunt public takeaway: source mirrors can become the attack if releases are not routinely checked and signed.
",2009,2009-11-10,2010-06-12,Individual Hacker,person,C,compromised_infrastructure,unauthorized_access_control,false,distribution,"backdoor, remote_code_execution",,"Some versions of Unreal3.2.8.1.tar.gz contain a backdoor <https://forums.unrealircd.org/viewtopic.php?t=6562>, UnrealIRCD 3.2.8.1 Backdoor Command Execution <https://www.rapid7.com/db/modules/exploit/unix/irc/unreal_ircd_3281_backdoor/>, A backdoor in UnrealIRCd <https://lwn.net/Articles/392201/>, Linux IRC server leaves backdoor open <https://www.theregister.com/software/2010/06/14/linux-irc-server-leaves-backdoor-open/1373423>, UnrealIRCd backdoored for months <https://arstechnica.com/information-technology/2010/06/unreal-ircd-backdoored-for-months/>, DailyDave: Unreal IRC 0day <https://seclists.org/dailydave/2010/q2/56>",,1
proftpd,ProFTPD official site compromise distributes backdoored source,proftpd,application,https://ftp.proftpd.org,https://github.com/proftpd/proftpd,"ProFTPD's main FTP and rsync distribution server was compromised on November 28, 2010, and the 1.3.3c source archives were replaced with backdoored copies until December 2. The modified daemon granted unauthenticated root access through the HELP command trigger ACIDBITCHEZ, while the configure script also compiled and ran a callback program during builds.","Around 20:00 UTC on November 28, 2010, attackers compromised ProFTPD's main distribution server, `ftp.proftpd.org`, which also acted as the project's rsync source for official mirrors. They replaced ProFTPD 1.3.3c source archives with modified copies, so anyone downloading from the official site or mirrors through December 2 could receive poisoned source through the normal project channel.

Delivery happened twice: first through the source archive, then through the build. The modified `configure` path compiled `tests/tests.c` and ran it, so a builder could call out before a daemon was installed. The runtime daemon carried a separate patch in `src/help.c`.

The backdoor had two faces. At build time, the modified `configure` script compiled and ran `tests/tests.c`, which attempted an HTTP callback to 212.26.42.47 on port 9090. At runtime, a patch in `src/help.c` gave unauthenticated users root shell execution when they issued `HELP ACIDBITCHEZ`. The published diff and hashes turned the incident into a compact lesson in source-release trust: a project server, a mirror network, and a small source patch were enough to turn a widely deployed FTP daemon into a root shell.
",2010,2010-11-28,2010-12-02,Individual Hacker,person,C,compromised_infrastructure,unauthorized_access_control,false,distribution,"backdoor, remote_code_execution",,"Backdoor sneaked into ProFTPD source code <https://www.theregister.com/2010/12/02/proftpd_backdoor/>, Open source ProFTPD hacked, backdoor planted in source code <https://www.zdnet.com/article/open-source-proftpd-hacked-backdoor-planted-in-source-code/>, Exploits/proftpd-1.3.3c-backdoor <https://www.aldeid.com/wiki/Exploits/proftpd-1.3.3c-backdoor>, ProFTPD source archive backdoored <https://lwn.net/Articles/418326/>, ProFTPD Backdoor Discovered <https://www.linux-magazine.com/Online/News/ProFTPD-Backdoor-Discovered>",,1
wordpress-plugin-repository-2011,WordPress.org plugin repository backdoored popular plugins,WordPress.org plugin repository,package_repository,https://wordpress.org/plugins/,,"On June 21, 2011, the WordPress team found suspicious unauthorized commits to three popular WordPress.org plugins: AddThis, WPtouch, and W3 Total Cache. The commits contained disguised PHP backdoors and were not made by the legitimate authors. WordPress rolled the plugins back, pushed clean updates, temporarily closed repository access while reviewing for more tampering, and forced password resets for WordPress.org, bbPress.org, and BuddyPress.org accounts.","This incident was not a vulnerable plugin being exploited after release. It was an official repository problem: code shipped from WordPress.org carried commits that the project determined were not made by the plugin authors. That puts it squarely in the supply-chain line, where the distribution path itself hands users the backdoor.

The affected plugins were AddThis, WPtouch, and W3 Total Cache, all common enough that a brief malicious update window mattered. The WordPress team described the changes as disguised backdoors, rolled them back, pushed clean versions, and shut down plugin repository access while checking for anything else suspicious.

The public guidance was practical and terse. Anyone who used those plugins and might have updated during the previous day was told to visit the updates page and install the latest clean versions. WordPress.org also forced password resets across WordPress.org, bbPress.org, and BuddyPress.org because the root cause was still under investigation.

The event belongs next to, but separate from, the 2007 WordPress core archive compromise. In 2007 the official core download was altered; in 2011 the plugin repository carried malicious commits into specific third-party plugin releases. Both are official distribution failures, but the artifact scopes are different.
",2011,2011-06-21,2011-06-22,Unknown,unknown,PHP,compromised_repository_access,unauthorized_access_control,false,distribution,"backdoor, remote_code_execution",,"Passwords Reset <https://wordpress.org/news/2011/06/passwords-reset/>, Malicious software downloads invade WordPress <https://www.theregister.com/security/2011/06/22/malicious-software-downloads-invade-wordpress/776699>",,3
vsftpd,vsftpd official distribution site compromised distributing backdoor,vsftpd,daemon,https://security.appspot.com,,"The official vsftpd 2.3.4 source archive was replaced with a backdoored tarball around June 30 to July 1, 2011, and removed on July 3. The malicious code failed the original GPG signature and triggered when an FTP username contained ':)', opening a TCP/6200 shell with the privileges of the running daemon.","In early July 2011, Chris Evans warned that the master vsftpd download for `vsftpd-2.3.4.tar.gz` had been replaced with a backdoored tarball. Rapid7's Metasploit module later placed the introduction window between June 30 and July 1, with removal on July 3. The bad archive had SHA-256 `2a4bb16562e0d594c37b4dd3b426cb012aa8457151d4718a5abd226cef9be3a5`, and its detached GPG signature failed against Evans' signing key.

The delivery was the official source archive. The code change did not need a vulnerable parser or malformed FTP command. It changed the daemon being built, and the failed detached signature was the clean technical signal that the archive and release key no longer matched.

The payload was blunt and memorable. If an FTP username contained `:)`, the server attempted to spawn a shell listener on TCP/6200. There was no installation beacon, which meant the attacker likely needed download logs, broad scanning, or prior knowledge of targets to find victims. Evans moved the project download to a more trusted host and published the warning with a diff reference so administrators could verify both source integrity and runtime exposure.
",2011,2011-06-30,2011-07-03,Individual Hacker,person,C,compromised_infrastructure,unauthorized_access_control,false,distribution,"backdoor, remote_code_execution",,"Alert: vsftpd download backdoored <https://scarybeastsecurity.blogspot.com/2011/07/alert-vsftpd-download-backdoored.html>, Archived: Alert: vsftpd download backdoored <https://web.archive.org/web/20210127090552/https://scarybeastsecurity.blogspot.com/2011/07/alert-vsftpd-download-backdoored.html>, VSFTPD 2.3.4 Backdoor Command Execution <https://www.rapid7.com/db/modules/exploit/unix/ftp/vsftpd_234_backdoor/>, Archived vsftpd 2.3.4 backdoor diff <https://web.archive.org/web/20210228222523/https://pastebin.com/AetT9sS5>, vsftpd developer confirms backdoor in version 2.3.4 <https://www.computerworld.com/article/2518230/vsftpd-developer-confirms-backdoor-in-version-2-3-4.html>",,1
phpmyadmin-2012,phpMyAdmin SourceForge mirror distributes backdoored zip file,phpmyadmin,application,https://www.phpmyadmin.net,https://github.com/phpmyadmin/phpmyadmin,"The SourceForge mirror cdnetworks-kr-1 distributed a modified phpMyAdmin-3.5.2.2-all-languages.zip archive containing the server_sync.php backdoor. The payload allowed remote PHP code execution as the web server user, and js/cross_framing_protection.js was also modified. SourceForge logs showed about 400 downloads before the mirror was removed from rotation.","Around September 22, 2012, the SourceForge mirror `cdnetworks-kr-1` in Korea began serving a corrupted copy of `phpMyAdmin-3.5.2.2-all-languages.zip`. This was not a lookalike package or a third-party repost: users could arrive through the legitimate SourceForge download system and receive a backdoored archive for a database administration tool commonly exposed on web servers.

The changed files were precise. `server_sync.php` carried the backdoor, and `js/cross_framing_protection.js` was also modified. The delivery path was the mirror rotation, so the same download URL could be safe or unsafe depending on which mirror served it.

phpMyAdmin's advisory, issued September 25 and updated September 26, identified `server_sync.php` as the backdoor and `js/cross_framing_protection.js` as another modified file. The backdoor allowed remote PHP code execution under the web server account. SourceForge removed the mirror from rotation on September 25, confirmed the compromise was limited to that mirror, and reported roughly 400 downloads of the corrupted file.
",2012,2012-09-22,2012-09-25,Individual Hacker,person,PHP,compromised_infrastructure,unauthorized_access_control,false,distribution,"backdoor, remote_code_execution",400,"PMASA-2012-5 <https://www.phpmyadmin.net/security/PMASA-2012-5/>, phpMyAdmin corrupted copy on Korean mirror server <https://sourceforge.net/blog/phpmyadmin-back-door/>, phpMyAdmin Compromised Source Package Backdoor Vulnerability <https://www.hkcert.org/security-bulletin/phpmyadmin-compromised-source-package-backdoor-vulnerability>, phpMyAdmin update released after security compromise <https://www.zdnet.com/article/phpmyadmin-update-released-after-security-compromise/>",,1
openx,OpenX Source archive backdoored,openx,application,https://openx.com,,"The official OpenX Source 2.8.10 distribution archives were compromised for months, shipping a remote PHP code execution backdoor in the open-source ad server. The payload hid obfuscated PHP inside flowplayer-3.1.1.min.js, while modified delivery code invoked it through MAX_commonReadFile and require_once. Compromised ad servers could be taken over and then used for malvertising, phishing, or drive-by download campaigns against site visitors.","OpenX sat between publishers, advertisers, and every visitor who loaded an ad slot. In 2013, heise Security found that official OpenX Source 2.8.10 downloads from the project server contained a hidden PHP execution path. The compromised ZIP, tar.gz, and tar.bz2 archives came from the trusted download channel.

The attacker hid PHP inside `flowplayer-3.1.1.min.js`, a JavaScript file nested under the video ads plugin. OpenX delivery code then read that file through `MAX_commonReadFile` and reached it through `require_once`, turning an innocuous-looking asset into server-side code. Rapid7 later described exploitation as a single request with a ROT13-encoded and reversed payload.

Heise reported that the backdoor appeared to have been present for almost a year and was already being used against ad servers. OpenX 2.8.10 was the current open-source release, so administrators who installed or refreshed the package during the window could inherit the backdoor as part of ordinary deployment.

Remediation required more than removing one line. Acunetix and other advisories recommended upgrading to OpenX 2.8.11 or later, auditing the server for prior compromise, rotating credentials and API keys, and considering a clean reinstall if exploitation evidence existed. A compromised ad server could also deliver attacks to site visitors.
",2012,2012-11-01,2013-08-08,Cybercriminal Gang,group,PHP,compromised_infrastructure,financial_gain,false,distribution,"backdoor, remote_code_execution",,"Backdoor Found in OpenX Open Source version 2.8.10 - Some Thoughts <https://www.clearmind.cc/2013/08/backdoor-found-in-openx-open-source-version-2-8-10-some-thoughts/>, oss-security: CVE request - OpenX 2.8.10 Backdoor <https://seclists.org/oss-sec/2013/q3/295>, OpenX Releases Security Update <https://www.cisa.gov/news-events/alerts/2013/08/08/openx-releases-security-update>, Backdoor in popular ad-serving software opens websites to remote hijacking <https://arstechnica.com/information-technology/2013/08/backdoor-in-popular-ad-serving-software-opens-websites-to-remote-hijacking/>, OpenX 2.8.10 Backdoor <https://www.tenable.com/plugins/nessus/69371>, OpenX Compromise Serving Malware <https://blog.sucuri.net/2013/12/openx-compromise-serving-malware.html>, OpenX 2.8.10 backdoor <https://www.acunetix.com/vulnerabilities/web/openx-2-8-10-backdoor/>, Achtung: Anzeigen-Server OpenX enthält eine Hintertür <https://www.heise.de/news/Achtung-Anzeigen-Server-OpenX-enthaelt-eine-Hintertuer-1929769.html>, OpenX Backdoor PHP Code Execution <https://www.rapid7.com/db/modules/exploit/multi/http/openx_backdoor_php/>",,1
gem-wrappers,gem-wrappers gem backdoored during RubyGems.org platform compromise,gem-wrappers,library,,https://github.com/rvm/gem-wrappers,"During a platform-level compromise of RubyGems.org (exploiting server vulnerabilities), attackers gained root filesystem access and replaced the legitimate 'gem-wrappers' gem file (v1.1.0) with a malicious version. This trojaned version, with malicious code inserted into 'gemutils.rb', contained obfuscated code (using eval(Zlib::Inflate.inflate(Base64.decode64(...)))) that acted as a backdoor. The backdoor listened on UDP port 53, accepted clear text commands, and allowed remote command execution via eval() on systems that installed or updated to the compromised gem during the incident window.",,2013,2013-01-29,2013-02-01,Individual Hacker,person,Ruby,compromised_infrastructure,unauthorized_access_control,false,distribution,"backdoor, remote_code_execution",,"https://arstechnica.com/information-technology/2013/02/rubygems-org-hacked-popular-gem-backdoored-with-remote-code-exploit/, https://nakedsecurity.sophos.com/2013/02/01/rubygems-hacked-gem-wrappers/",,1
linux-mint,Linux Mint website hack redirects ISO downloads,linux_mint,distribution,https://linuxmint.com,,"The Linux Mint website, specifically its WordPress installation, was compromised. Attackers modified download links on the site for the Linux Mint 17.3 Cinnamon edition ISO. These links redirected users to a server hosting a modified ISO containing the Tsunami backdoor, giving attackers remote control over infected machines.",,2016,2016-02-20,2016-02-21,Individual Hacker,person,Binary,compromised_infrastructure,unauthorized_access_control,false,distribution,"backdoor, remote_code_execution",,"https://blog.linuxmint.com/?p=2994, https://blog.linuxmint.com/?p=3001, https://www.zdnet.com/article/linux-mint-website-hacked-iso-images-compromised/",,1
transmission-2016-03,Transmission macOS installer distributed KeRanger ransomware,transmission,application,https://transmissionbt.com,https://github.com/transmission/transmission,"The official Transmission BitTorrent website was compromised, and attackers replaced the macOS installer for version 2.90 with a malicious disk image. Users following the trusted download path received OSX.KeRanger ransomware, which encrypted files after installation and made the release channel the first stage.",,2016,2016-03-04,2016-03-06,Cybercriminal Gang,group,Binary,compromised_infrastructure,financial_gain,false,distribution,financial_exploitation,,"https://www.paloaltonetworks.com/blog/2016/03/new-os-x-ransomware-keranger-infected-transmission-bittorrent-client-installer/, https://securelist.com/osxkeranger-ransomware-infecting-transmission-users/74214/",,1
classic-shell,Classic Shell compromised on FossHub,Classic Shell,application,,https://github.com/coddec/Classic-Shell,"FossHub's distribution platform was compromised, and Classic Shell downloads were swapped for a destructive installer. Users who trusted the official download path received code that rewrote the master boot record, collapsing a familiar Windows utility into a boot-failure payload delivered through the software mirror.",,2016,2016-08-02,2016-08-03,Individual Hacker,person,C++,compromised_infrastructure,disruption_protest,false,distribution,"service_disruption, data_destruction",10000,"https://www.ghacks.net/2016/08/03/attention-fosshub-downloads-compromised/, https://web.archive.org/web/20160803032356/http://www.classicshell.net/forum/viewtopic.php?f=12&t=6434, https://www.bleepingcomputer.com/news/security/classicshell-and-fosshub-hacked-mbr-wiper-installed-instead-of-app/, https://thehackernews.com/2016/08/FossHub-malware.html, https://arstechnica.com/information-technology/2016/08/malicious-classic-shell-installer-deliberately-trashes-windows-pcs/",,1
transmission-2016-08,Transmission macOS installer distributed Keydnap backdoor,transmission,application,https://transmissionbt.com,https://github.com/transmission/transmission,"Months after the KeRanger incident, Transmission's website was compromised again. This time, the legitimate macOS installer for version 2.92 was replaced with a malicious version containing the OSX/Keydnap backdoor. Keydnap aimed to steal keychain credentials and establish persistent remote access.",,2016,2016-08-28,2016-08-30,Cybercriminal Gang,group,Binary,compromised_infrastructure,credential_theft,false,distribution,data_exfiltration,,https://objective-see.org/blog/blog_0x11.html,,1
handbrake,HandBrake Mac download mirror distributed Proton RAT,handbrake,application,https://download.handbrake.fr,,"An official HandBrake download mirror, download.handbrake.fr, was compromised while hosting the macOS release. The HandBrake-1.0.7.dmg image was replaced with a malicious build carrying the Proton RAT, so Mac users following the expected mirror path received remote-access malware instead of video tooling.",,2017,2017-05-02,2017-05-06,Cybercriminal Gang,group,Binary,compromised_infrastructure,credential_theft,false,distribution,data_exfiltration,,"https://arstechnica.com/information-technology/2017/05/handbrake-download-server-hacked-to-distribute-mac-malware/, https://securelist.com/proton-mac-os-x-rat/79960/, https://forum.handbrake.fr/viewtopic.php?f=33&t=36380",,1
webmin-2019,Webmin build infrastructure compromise inserts backdoor (2019),webmin,daemon,https://webmin.com,,"Webmin's build infrastructure was compromised in 2018, and attackers modified password_change.cgi before official releases were produced. Version 1.890 was exploitable by default; later 1.900 through 1.920 releases carried similar code that required expired-password changes to be enabled. The backdoor gave anyone who knew the crafted password-change path root command execution, then surfaced publicly after a DEF CON 2019 zero-day release.","Webmin's 2019 backdoor was not born in the public Git tree. The project later explained that its development build server had been compromised in April 2018 and that `password_change.cgi` was modified there. The timestamp was set back, so the poisoned local build file did not appear as a suspicious Git diff.

The first affected release, Webmin 1.890, shipped with a root command execution backdoor that was exploitable in a default install. The vulnerable file was later reverted from GitHub, but in July 2018 the attacker modified it again. This second version reached Webmin 1.900 through 1.920, where exploitation required the expired-password-change feature to be enabled.

The malicious line was short. In the password-change path, attacker-controlled input reached Perl command execution through a `qx/.../` expression. Because Webmin commonly runs as root, a remote command reached the operating system with root privileges.

The compromise survived a build-server replacement in September 2018 because the old build directory was restored from backup onto the new host. A public exploit release in August 2019 disclosed the issue. Webmin removed the code, released 1.930, rotated secrets from the old build system, and changed the build process to use checked-in GitHub code instead of a synced local directory.
",2018,2018-04-01,2019-08-17,Individual Hacker,person,Perl,compromised_infrastructure,unauthorized_access_control,false,source,"backdoor, remote_code_execution",,"DEFCON Webmin 1.920 Unauthenticated Remote Command Execution <https://pentest.com.tr/exploits/DEFCON-Webmin-1920-Unauthenticated-Remote-Command-Execution.html>, Webmin 1.890 Exploit - What Happened <https://www.webmin.com/exploit.html>, Webmin Security: Remote Command Execution CVE-2019-15231 <https://webmin.com/security/#remote-command-execution-cve-2019-15231>, Backdoor Found in Utility for Linux, Unix Servers <https://threatpost.com/backdoor-found-in-utility-for-linux/147581/>, Backdoor found in Webmin, a popular web-based utility for managing Unix servers <https://www.zdnet.com/article/backdoor-found-in-webmin-a-popular-web-based-utility-for-managing-unix-servers/>, NVD: CVE-2019-15107 <https://nvd.nist.gov/vuln/detail/CVE-2019-15107>",,1
vestacp,VestaCP build system compromise inserted remote backdoor,vestacp,daemon,https://vestacp.com,,"Attackers compromised infrastructure related to the Vesta Control Panel, allowing them to inject malicious code into update scripts or packages delivered to users. The malicious code executed commands, collected server passwords (including VestaCP admin and FTP passwords), and sent the stolen data to the attackers' server.",,2018,2018-06-01,2018-06-12,Cybercriminal Gang,group,Shell,compromised_infrastructure,credential_theft,false,distribution,data_exfiltration,,"https://www.welivesecurity.com/2018/10/18/new-linux-chachaddos-malware-distributed-servers-vestacp-installed/, https://github.com/jsmeix/openSUSE-docs-vestacp/commit/21a1431f80e5c791cc3d5bbc8e09fceea0febc9e, https://krebsonsecurity.com/2013/06/the-value-of-a-hacked-email-account/",,1
pear,PEAR PHP installer go-pear.phar compromised on server,pear,library,https://pear.php.net,,"The official go-pear.phar installer on pear.php.net was replaced with a malicious version and left in place for roughly six months. Anyone bootstrapping PEAR from the trusted server risked executing a backdoored installer, a thin bootstrap script turned into a long-lived foothold.",,2018,2018-06-20,2019-01-19,Individual Hacker,person,PHP,compromised_infrastructure,unauthorized_access_control,false,distribution,"backdoor, remote_code_execution",,"https://thehackernews.com/2019/01/php-pear-hacked.html, https://blog.paranoidpenguin.net/2019/01/pear-php-net-probably-compromised/, https://twitter.com/pear/status/1086934578562560001",,1
gentoo,Gentoo GitHub hack modified ebuilds,gentoo,distribution,,https://github.com/gentoo,"An attacker gained control of Gentoo's GitHub organization administrator account (reportedly 'risacher' via password guessing). The attacker modified content, including ebuilds for 'portage' and 'musl-dev' in the main Gentoo ebuild repository, replacing them with malicious versions designed to execute 'rm -rf /' which would attempt to remove all files from users' systems. Access was quickly regained and changes reverted.",,2018,2018-06-28,2018-06-28,Individual Hacker,person,Shell,compromised_account_credentials,disruption_protest,false,source,"service_disruption, data_destruction",,https://arstechnica.com/information-technology/2018/06/gentoo-linux-github-organization-hacked-and-defaced/,,1
eslint,eslint-scope/config-eslint NPM compromise steals NPM tokens,eslint,library,,https://github.com/eslint/eslint-scope,"An attacker compromised the npm account of an ESLint maintainer and published malicious versions of eslint-scope and eslint-config-eslint. The injected code searched developer machines for .npmrc authentication tokens, aiming to turn one trusted maintainer account into many future publishing keys.","The ESLint compromise started with a maintainer account. On July 12, 2018, an attacker used that access to publish malicious `eslint-scope` and `eslint-config-eslint` releases. The packages were developer tooling, so the first systems exposed were the machines and CI jobs that build other software.

The code searched for `.npmrc` files and npm authentication tokens. It did not need a kernel exploit or a browser bug. It needed the registry to accept a package from a trusted publisher, then it used normal installation to reach credentials that could publish the next package.

ESLint's postmortem and npm's response centered on token revocation and containment. The important impact was the chain reaction that was possible but interrupted: one stolen maintainer account could have become many stolen publisher tokens.
",2018,2018-07-12,2018-07-12,Individual Hacker,person,Javascript,compromised_account_credentials,credential_theft,false,distribution,data_exfiltration,4500,"Postmortem for Malicious Packages Published on July 12th, 2018 <https://eslint.org/blog/2018/07/postmortem-for-malicious-package-publishes/>, Malicious code in eslint-scope <https://github.com/eslint/eslint-scope/issues/39>, Plot to steal cryptocurrency foiled by the npm security team <https://blog.npmjs.org/post/185397814280/plot-to-steal-cryptocurrency-foiled-by-the-npm>",,2
electron-native-notify,electron-native-notify NPM package adds remote backdoor,electron-native-notify,library,,https://github.com/calvinwyoung/electron-native-notify,"The electron-native-notify package was compromised with code that opened a reverse shell to the attacker's server. Because the package sat beneath Electron applications, including the Agama cryptocurrency wallet, the backdoor moved transitively; a small notification dependency became the hidden wire into larger desktop software.",,2018,2018-08-01,2018-08-01,Individual Hacker,person,Javascript,compromised_account_credentials,unauthorized_access_control,true,distribution,"backdoor, remote_code_execution",,"https://github.com/advisories/GHSA-j8qr-rvcv-crhv, https://blog.npmjs.org/post/185397814280/plot-to-steal-cryptocurrency-foiled-by-the-npm, https://www.npmjs.com/advisories/927, https://github.com/eslint/eslint-scope/issues/39",,1
agama,Agama wallet compromised via malicious dependency backdoor,agama,application,,https://github.com/KomodoPlatform/Agama,"The Agama cryptocurrency wallet application inadvertently included a compromised version of the `electron-native-notify` NPM package (v1.1.6) as a dependency in its builds. This resulted in official Agama wallet releases containing a backdoor (reverse shell) inherited from the dependency, potentially allowing attackers remote access and theft of wallet seeds or private keys.",,2018,2018-08-01,2018-08-13,Compromised Dependency,dependency,Javascript,malicious_dependency,financial_gain,true,dependency,"backdoor, remote_code_execution",,"https://komodoplatform.com/vulnerability-discovered-in-komodos-agama-wallet-this-is-what-you-need-to-do/, https://github.com/eslint/eslint-scope/issues/39, https://blog.npmjs.org/post/185397814280/plot-to-steal-cryptocurrency-foiled-by-the-npm",,1
octopus-scanner,Octopus Scanner backdoored 26 NetBeans projects on GitHub,octopus-scanner,application,,https://github.com/advisories,"GitHub Security Lab disclosed on 2020-05-28 that 26 open-source NetBeans projects hosted on GitHub had been backdoored by a self-spreading Java malware dubbed Octopus Scanner. When a developer opened an infected NetBeans project, the malware identified other NetBeans projects on the host and dropped a malicious payload (`cache.dat`) into their build configurations so that subsequent JAR builds — including those committed back to GitHub — also shipped a remote-access trojan. The implant established C2 over an HTTPS reverse shell. Affected repositories had been hosting the implant for months; samples persisted in commit history.",,2018,2018-08-01,2020-05-28,Unknown attacker,unknown,Java,compromised_dependency,remote_access,true,source,"backdoor, remote_access",26,"https://securitylab.github.com/research/octopus-scanner-malware-open-source-supply-chain/, https://www.darkreading.com/cyberattacks-data-breaches/researchers-uncover-malware-attacking-supply-chain-with-26-open-source-projects-in-its-clutches, https://thehackernews.com/2020/05/github-malware-supply-chain.html",,1
event-stream,event-stream dependency compromise targets Copay wallets,event-stream,library,,https://github.com/dominictarr/event-stream,"The event-stream npm package maintainership was transferred to an attacker using the handle right9ctrl. The attacker published event-stream 3.3.6 with a new dependency on flatmap-stream, then published flatmap-stream 0.1.1 with obfuscated code targeting BitPay's Copay wallet builds. The payload decrypted only in the intended downstream context and tried to steal Bitcoin and Bitcoin Cash wallet data from affected Copay users.","event-stream began as a maintainer transfer. Dominic Tarr gave publish rights to the right9ctrl account after the new maintainer offered to help with an old package. On September 9, 2018, right9ctrl published event-stream 3.3.6 with a new dependency on `flatmap-stream`.

The malicious code was not in the visible event-stream source. It was in `flatmap-stream@0.1.1`, published in October 2018. The code was obfuscated, loaded encrypted data, and decrypted only when used inside the Copay build path. During Copay packaging it modified JavaScript that could leak wallet data and private keys.

FallingSnow opened the public GitHub issue on November 20, 2018. Analysis in the thread identified Copay-related libraries as the target and recommended checking for `flatmap-stream@0.1.1`. npm removed the malicious packages, took control of `event-stream`, and advised users to move back to event-stream 3.3.4 or use remediated downstream builds.
",2018,2018-09-09,2018-11-26,Individual Hacker,person,javascript,social_engineering,financial_gain,true,source,financial_exploitation,8000000,"I don't know what to say <https://github.com/dominictarr/event-stream/issues/116>, Hacker backdoors popular JavaScript library to steal Bitcoin funds <https://www.zdnet.com/article/hacker-backdoors-popular-javascript-library-to-steal-bitcoin-funds/>, Details about the event-stream incident <https://blog.npmjs.org/post/180565383195/details-about-the-event-stream-incident>, Malicious Package in flatmap-stream <https://www.npmjs.com/advisories/737>, GitHub Advisory: Malicious Package in flatmap-stream <https://github.com/advisories/GHSA-9x64-5r7x-2q53>",,2
phpbb,phpBB.com download briefly served trojanized 3.2.4 installer,phpbb,application,https://phpbb.com,https://github.com/phpbb/phpbb,"On 2018-09-14, phpBB confirmed that download links on phpbb.com for the freshly-released 3.2.4 release (`phpBB-3.2.4.zip`, `phpBB-3.2.4.tar.bz2`) had been redirected to a third-party server hosting a trojanized archive containing additional code that opened a backdoor. The compromise was on the project's own site rather than the source code or build pipeline; clean files on the project's mirrors and Composer-installed copies were unaffected. phpBB pulled the malicious links within hours of discovery and rotated download URLs.",,2018,2018-09-14,2018-09-14,Unknown attacker,unknown,PHP,website_compromise,unknown,false,distribution,backdoor,,"https://www.phpbb.com/community/viewtopic.php?t=2473051, https://blog.phpbb.com/2018/09/14/security-incident-on-phpbb-com/, https://www.bleepingcomputer.com/news/security/hacker-targets-phpbb-users-via-vulnerabilities-on-the-site/",,1
mailparser,mailparser NPM package compromised downloads executes binary,mailparser,library,,https://github.com/mailparser-legacy/mailparser,"The maintainer's npm account for mailparser was compromised, and malicious version 0.1.2 was published to the registry. Its install path attempted to download and execute an OS-specific binary from an external server, but the package was removed within an hour and saw fewer than 100 downloads.",,2019,2019-03-12,2019-03-12,Individual Hacker,person,Javascript,compromised_account_credentials,unauthorized_access_control,false,distribution,"backdoor, remote_code_execution",100,"https://security.snyk.io/vuln/npm:mailparser:20190312, https://www.npmjs.com/advisories/912",,1
bootstrap-sass,bootstrap-sass gem backdoor enabled RCE.,bootstrap-sass,library,,https://github.com/twbs/bootstrap-sass,"The popular bootstrap-sass Ruby gem had malicious version 3.2.0.3 published to RubyGems.org after a likely maintainer account compromise. Rails applications that accepted the poisoned release inherited a backdoor in production code paths, turning a front-end asset dependency into a remote command execution channel.",,2019,2019-03-26,2019-03-26,Individual Hacker,person,Ruby,compromised_account_credentials,unauthorized_access_control,false,distribution,"backdoor, remote_code_execution",1477,"https://github.com/twbs/bootstrap-sass/issues/1195, https://www.zdnet.com/article/backdoor-code-found-in-popular-bootstrap-sass-ruby-library/, https://www.ironin.it/blog/malicious-backdoor-code-found-in-the-bootstrap-sass-ruby-gem.html, https://cyberscoop.com/bootstrap-sass-infected-snyk-rubygems/",,1
rest-client,rest-client gem backdoor steals credentials.,rest-client,library,,https://github.com/rest-client/rest-client,"A maintainer's RubyGems.org account was compromised through password reuse, allowing attackers to publish malicious versions of the rest-client gem. The backdoor exfiltrated environment variables and accepted remote commands, turning a familiar HTTP client into a small control plane inside Ruby applications.",,2019,2019-08-14,2019-08-19,Individual Hacker,person,ruby,compromised_account_credentials,financial_gain,false,distribution,data_exfiltration,2450,"https://github.com/rest-client/rest-client/issues/713, https://snyk.io/blog/code-execution-back-door-found-in-rubys-rest-client-library/, https://www.helpnetsecurity.com/2019/08/21/backdoored-ruby-gems/",,1
strong-password,strong_password Ruby gem compromised with backdoor code,strong_password,library,,,"Similar to the 'rest-client' incident around the same time, the 'strong_password' Ruby gem had a malicious version published. This compromised version contained a backdoor designed to steal environment variables and potentially execute code. It's suspected the same actor compromised both gems.",,2019,2019-08-16,2019-08-21,Individual Hacker,person,Ruby,compromised_account_credentials,credential_theft,false,distribution,data_exfiltration,,"https://github.com/rest-client/rest-client/issues/713, https://snyk.io/blog/code-execution-back-door-found-in-rubys-rest-client-library/, https://www.helpnetsecurity.com/2019/08/21/backdoored-ruby-gems/",,1
thegreatsuspender,The Great Suspender Chrome extension hijacked,thegreatsuspender,extension,,https://github.com/greatsuspender/thegreatsuspender,"After original maintainer Dean Oemcke transferred ownership to an anonymous buyer in June 2020, the new owner published v7.1.8 to the Chrome Web Store containing tracking and remote-code-loading functionality that was never present in the open-source repository. The extension intercepted web requests for tracking and ad fraud, and could load arbitrary code from a remote server. Google removed it from the Chrome Web Store and force-disabled it for users on 2021-02-04; Microsoft pulled it from Edge for malware shortly before. Approximately 2 million users were affected.",,2020,2020-10-01,2021-02-04,New maintainer,maintainer,javascript,maintainer_ownership_transfer,financial_gain,false,distribution,"tracking, ad_fraud, remote_code_loading",2000000,"https://github.com/greatsuspender/thegreatsuspender/issues/1263, https://www.theregister.com/2021/02/05/chrome_extension_great_suspender/, https://arstechnica.com/information-technology/2021/02/google-bans-the-great-suspender-chrome-extension-thats-used-by-millions/",,1
php,PHP Git server compromise attempts source code backdoor,php,library,,https://github.com/php/php-src,"Attackers compromised the self-hosted `git.php.net` server. They pushed two malicious commits directly to the php-src repository ('main' branch). These commits attempted to insert a backdoor enabling remote code execution, disguised as typo fixes. The commits were detected quickly and did not impact any released version. PHP migrated to GitHub afterwards.",,2021,2021-03-28,2021-03-28,Individual Hacker,person,C,compromised_infrastructure,espionage_strategic_advantage,false,source,"benign, proof_of_concept",,"https://news-web.php.net/php.internals/113838, https://www.bleepingcomputer.com/news/security/phps-git-server-hacked-to-add-backdoors-to-php-source-code/, https://github.com/php/php-src/issues/6900",,1
accesspress-themes,AccessPress Themes vendor-site WordPress add-on backdoor,AccessPress Themes,extension,https://accesspressthemes.com,,"AccessPress Themes' own download site was breached, turning legitimate WordPress themes and plugins into backdoored vendor ZIPs while the WordPress.org copies remained clean. The injected PHP dropper wrote a cookie-triggered webshell into WordPress core, called back to wp-theme-connect.com, then deleted itself. The compromise affected 40 themes and 53 plugins, giving attackers durable control of sites that trusted the vendor's official downloads.",,2021,2021-09-02,2021-10-15,Unknown,unknown,PHP,compromised_infrastructure,remote_access,false,distribution,"backdoor, remote_access",360000,"https://jetpack.com/resources/backdoor-found-in-themes-and-plugins-from-accesspress-themes/, https://blog.sucuri.net/2022/01/accesspress-themes-hit-with-targeted-supply-chain-attack.html, https://arstechnica.com/information-technology/2022/01/supply-chain-attack-used-legitimate-wordpress-add-ons-to-backdoor-sites/, https://www.bleepingcomputer.com/news/security/over-90-wordpress-themes-plugins-backdoored-in-supply-chain-attack/, https://its.ny.gov/2022-012",,93
miso-sushiswap,SushiSwap MISO launchpad commit redirected auction proceeds,miso-sushiswap,application,,https://github.com/sushiswap/miso,"On 2021-09-17 a contractor with merge access to the SushiSwap MISO (Minimal Initial Sushi Offering) launchpad GitHub repository pushed a single-line code change that swapped the auction's payout address with their own. Approximately 864.8 ETH (~$3 million at the time) raised through the Jay Pegs Auto Mart NFT auction was diverted to the attacker before SushiSwap engineers detected and reverted the commit. Because the attacker's wallet address was a known contractor wallet, SushiSwap was able to identify them and the funds were returned within hours.",,2021,2021-09-17,2021-09-17,Insider,maintainer,solidity,insider_threat,cryptocurrency_theft,false,source,cryptocurrency_theft,1,"https://arstechnica.com/information-technology/2021/09/cryptocurrency-launchpad-hit-by-3-million-supply-chain-attack/, https://www.bleepingcomputer.com/news/security/sushi-defi-exchange-hit-by-3-million-supply-chain-attack/, https://forum.sushi.com/t/the-miso-front-end-exploit-and-how-we-mitigated-it/4254",,1
uaparser-js,ua-parser-js NPM package hijacked distributing malware,uaparser-js,library,,https://github.com/faisalman/ua-parser-js,"The maintainer's npm account was compromised, allowing attackers to publish malicious versions of ua-parser-js, a library embedded across millions of weekly installs. The payload stole OS passwords, browser cookies, and Discord tokens, then installed a cryptominer on Linux and Windows. Its danger came from reach; user-agent parsing had become quiet infrastructure.","ua-parser-js sat low in the stack and high in the graph. It parsed user-agent strings. Most applications did not depend on it by choice; they received it through other packages. On October 22, 2021, a hijacked npm account published malicious versions 0.7.29, 0.8.0, and 1.0.0 under the real package name.

The delivery was the install script. Windows and Linux hosts that installed the poisoned versions could fetch and run additional binaries. The payload attempted credential theft, including OS passwords, browser cookies, and Discord tokens, and also installed cryptomining malware.

The response matched the trust failure. GitHub's advisory told users to treat affected machines as fully compromised and rotate secrets from clean hosts. The lesson was simple: a parser with millions of weekly downloads is infrastructure, even when no one thinks of it that way.
",2021,2021-10-22,2021-10-22,Cybercriminal Gang,group,Javascript,compromised_account_credentials,financial_gain,false,distribution,financial_exploitation,8000000,"GitHub Advisory: Embedded malware in ua-parser-js <https://github.com/advisories/GHSA-pjwm-rvh2-c87w>, Security issue: compromised npm packages of ua-parser-js <https://github.com/faisalman/ua-parser-js/issues/536>",,1
rc,rc NPM package includes malicious coa dependency,rc,library,,https://github.com/dominictarr/rc,"The rc configuration loader was compromised indirectly after attackers gained control of coa, one of its dependencies, and published malicious releases. When rc moved onto the poisoned coa versions, it began carrying password-stealing malware transitively, proving that a clean package can still ship dirty code.",,2021,2021-11-04,2021-11-05,Compromised Dependency,dependency,Javascript,malicious_dependency,credential_theft,true,dependency,data_exfiltration,10000000,"https://therecord.media/malware-found-in-coa-and-rc-two-npm-packages-with-23m-weekly-downloads/, https://snyk.io/blog/npm-security-malicious-code-in-rc-and-coa-packages/, https://github.com/advisories/GHSA-g2q5-5433-rhrf",,1
coa,coa NPM package maintainer hijack distributes malware,coa,library,,https://github.com/veged/coa,"Attackers compromised maintainer credentials for the coa command-line argument parser and published malicious versions with Windows-focused password-stealing malware. The package's quiet place in dependency trees amplified the blast radius, pulling downstream consumers such as rc into the same poisoned npm current.","coa was a small command-line option parser with a large dependency shadow. On November 4, 2021, attackers used compromised maintainer access to publish multiple malicious versions across active release lines. The packages arrived through the registry as legitimate coa releases.

The delivery path was npm installation. Downstream projects and build tools could pull the poisoned releases indirectly, and the install-time code focused on Windows hosts. It fetched and ran additional malware intended to steal credentials.

The event overlapped with the rc compromise and showed the same failure mode as earlier npm incidents. A trusted package name, a valid publisher path, and enough dependency gravity put malicious code on machines that never made an explicit decision to trust coa.
",2021,2021-11-04,2021-11-04,Individual Hacker,person,Javascript,compromised_account_credentials,credential_theft,false,distribution,data_exfiltration,,"GitHub Advisory: Embedded malware in coa <https://github.com/advisories/GHSA-73qr-pfmq-6rp8>, Last release contains malicious code <https://github.com/veged/coa/issues/99>, Malware found in coa and rc, two npm packages with 23M weekly downloads <https://therecord.media/malware-found-in-coa-and-rc-two-npm-packages-with-23m-weekly-downloads/>",,1
faker-js,faker.js NPM package maintainer sabotage breaks apps,faker.js,library,,https://github.com/faker-js/faker,"The maintainer of faker.js intentionally sabotaged the project, force-pushing an endgame commit and publishing version 6.6.6 to npm in a broken, largely non-functional state. The protest disrupted a library with millions of weekly downloads and exposed how development, testing, and production systems can depend on unpaid maintainers as silent critical infrastructure.",,2022,2022-01-04,2022-01-09,Author,maintainer,Javascript,sabotage,disruption_protest,false,source,"service_disruption, data_destruction",2800000,"https://github.com/faker-js/faker/issues/1046, https://www.bleepingcomputer.com/news/security/dev-corrupts-npm-libs-colors-and-faker-breaking-thousands-of-apps/",faker-colors-sabotage-2022,1
colors-js,colors.js NPM package maintainer sabotage breaks apps,colors.js,library,,https://github.com/Marak/colors.js,"The maintainer intentionally introduced an infinite loop and breaking changes into colors.js, a tiny library with millions of weekly downloads. The protest act printed strange characters, broke dependent applications, and caused denial of service in normal startup paths. Its impact came from dependency gravity; small utilities can sit beneath enormous production surfaces.",,2022,2022-01-07,2022-01-09,Author,maintainer,Javascript,sabotage,disruption_protest,false,source,"service_disruption, data_destruction",2000000,"https://github.com/Marak/colors.js/issues/285, https://www.bleepingcomputer.com/news/security/dev-corrupts-npm-libs-colors-and-faker-breaking-thousands-of-apps/",faker-colors-sabotage-2022,1
node-ipc,node-ipc NPM package maintainer adds protestware malware,node-ipc,library,,https://github.com/RIAEvangelist/node-ipc,"The maintainer added protestware to node-ipc, a widely used interprocess communication library, targeting users resolving from Russian or Belarusian IP addresses. The code attempted to recursively overwrite files with a heart character during normal package use, turning geopolitical protest into selective data destruction that could ripple through dependent JavaScript applications.",,2022,2022-03-07,2022-03-16,Author,maintainer,Javascript,sabotage,disruption_protest,false,source,"service_disruption, data_destruction",1000000,"https://snyk.io/blog/peacenotwar-protestware-node-ipc-package-vulnerability/, https://github.com/advisories/GHSA-97m3-w2cp-4xx6, https://arstechnica.com/information-technology/2022/03/sabotage-code-added-to-popular-npm-package-wiped-files-in-russia-and-belarus/",,1
ctx,ctx NPM package maintainer hijack steals credentials,ctx,library,,https://github.com/rreverser/ctx,"An attacker gained access to the maintainer account for ctx, a small utility library, and published a malicious release. The payload hid in a test file but ran during installation, scraping environment variables and .npmrc credentials from machines that treated the package as harmless plumbing.",,2022,2022-05-18,2022-05-18,Individual Hacker,person,Javascript,compromised_account_credentials,credential_theft,false,distribution,data_exfiltration,,https://thehackernews.com/2022/05/pypi-package-ctx-and-php-library-phpass.html,,1
phpass-hautelook-fork-on-github-packagist,hautelook/phpass library hijacked via GitHub org.,phpass (Hautelook fork on GitHub / Packagist),library,,,"The GitHub organization 'hautelook', which maintained a popular fork of the phpass PHP password hashing library, was deleted. An attacker later registered the 'hautelook' organization name and created a repository named 'phpass' with the same URL as the original. This new repository contained a malicious version of phpass designed to steal AWS credentials by exfiltrating environment variables. Packagist, which mirrored the original GitHub repository, then began serving this malicious version to users who updated the dependency.",,2022,2022-05-19,2022-05-24,Individual Hacker,person,PHP,compromised_account_credentials,credential_theft,false,source,data_exfiltration,2500000,"https://www.concretecms.org/about/project-news/security/supply-chain-hack-phpass-repo-jacking, https://thehackernews.com/2022/05/pypi-package-ctx-and-php-library-phpass.html, https://cybersecuritynews.com/attackers-compromised-pypi-package/",,1
exotel,exotel PyPI package compromised via phishing.,exotel,library,,https://github.com/exotel/exotel-python,"The PyPI account for the exotel package maintainer was compromised during the JuiceLedger phishing campaign. Attackers uploaded version 0.1.6 with installation code that downloaded and executed infostealer malware, making a niche Python client a clean-looking vessel for credential theft across developer workstations.",,2022,2022-08-01,2022-08-31,Cybercriminal Gang,group,Python,compromised_account_credentials,credential_theft,false,distribution,data_exfiltration,480000,"https://checkmarx.com/blog/first-known-phishing-attack-against-pypi-users/, https://www.sentinelone.com/labs/pypi-phishing-campaign-juiceledger-threat-actor-pivots-from-fake-apps-to-supply-chain-attacks/, https://www.itpro.com/security/phishing/368899/pypi-packages-succumb-to-mailchimp-phishing-scam",,1
pytorch,PyTorch nightly builds compromised via malicious dependency,pytorch,library,,https://github.com/pytorch/pytorch,"PyTorch nightly builds were compromised when a malicious torchtriton package was uploaded to PyPI and won dependency resolution over the intended internal package hosted on PyTorch's nightly index. Linux users who installed nightly builds with pip between December 25 and December 30, 2022 could receive torchtriton 2.0.0 from PyPI. The malicious ELF collected host, environment, git, SSH, and home-directory data and exfiltrated it through encrypted DNS queries.","The PyTorch compromise was dependency confusion in a high-value machine-learning stack. PyTorch nightly builds depended on torchtriton, an internal package served from PyTorch's own index. Because pip gave PyPI precedence in the mixed-index install flow, an attacker could publish the same package name publicly and win resolution.

On December 26, 2022, the attacker published torchtriton 2.0.0 to PyPI. Checkmarx reported that the public package copied the legitimate project and added two changes: a malicious ELF binary under `triton/runtime/triton` and Python glue in `__init__.py` to execute it. The package also used starjacking to borrow legitimacy from the real repository.

The binary targeted x64 Linux systems. It collected nameserver configuration, hostname, username, working directory, environment variables, `/etc/hosts`, `/etc/passwd`, `.gitconfig`, `.ssh`, and the first 1,000 files under the user's home directory. Exfiltration went through encrypted DNS queries to `*.h4ck.cfd` using `wheezy.io`.

PyTorch removed affected nightly packages, replaced the dependency with pytorch-triton, and registered a dummy PyPI package to prevent the same namespace collision. Stable PyTorch packages were not affected. The incident became a reference case for PyPI dependency confusion against mixed public and project-hosted package indexes.
",2022,2022-12-25,2022-12-30,Unknown,unknown,Python,malicious_dependency,credential_theft,true,dependency,"data_exfiltration, credential_theft",,"PyTorch dependency confusion security alert <https://pytorch.org/blog/security-alert/>, Supply Chain Attack on PyTorch - Dependency Confusion via Malicious Packages <https://blog.checkpoint.com/research/supply-chain-attack-on-pytorch-dependency-confusion-via-malicious-packages/>, PyTorch dependency confusion 2.0 <https://blog.sonatype.com/pytorch-hijacked-dependency-confusion-2.0>, PyTorch dependency poisoned with malicious code <https://www.theregister.com/security/2023/01/04/pytorch-dependency-poisoned-with-malicious-code/570226>, PyTorch, a Leading ML Framework, Was Poisoned with Malicious Dependency <https://zero.checkmarx.com/py-torch-a-leading-ml-framework-was-poisoned-with-malicious-dependency-e30f88242964>",,1
when-dungeons-arise,When Dungeons Arise mod compromised with Fracturiser malware,When Dungeons Arise,game_mod,,https://github.com/Aureljz/When-Dungeons-Arise,"A developer account with publishing rights for the popular 'When Dungeons Arise' Minecraft mod on CurseForge was compromised. Attackers uploaded a malicious JAR file disguised as a legitimate update. This file contained the 'Fracturiser' malware, designed to steal credentials (Discord, Microsoft, Minecraft) and spread to other JAR files on the user's system.",,2023,2023-05-01,2023-06-08,Cybercriminal Gang,group,Java,compromised_account_credentials,credential_theft,false,distribution,data_exfiltration,,"https://support.curseforge.com/en/support/solutions/articles/9000228509-june-2023-infected-mods-detection-tool-and-report, https://www.bitdefender.com/en-au/blog/labs/infected-minecraft-mods-lead-to-multi-stage-multi-platform-infostealer-malware",fracturiser-2023,1
simply-houses,Simply Houses mod compromised with Fracturiser malware,Simply Houses,game_mod,,,"A developer account (`shyandlostboy81`) with publishing rights for the 'Simply Houses' Minecraft mod on CurseForge was compromised. Attackers uploaded a malicious JAR file disguised as a legitimate update. This file contained the 'Fracturiser' malware, designed to steal credentials (Discord, Microsoft, Minecraft) and spread to other JAR files on the user's system.",,2023,2023-05-01,2023-06-08,Cybercriminal Gang,group,Java,compromised_account_credentials,credential_theft,false,distribution,data_exfiltration,,"https://support.curseforge.com/en/support/solutions/articles/9000228509-june-2023-infected-mods-detection-tool-and-report, https://mineacademy.org/fractureiser-malware, https://www.bitdefender.com/en-au/blog/labs/infected-minecraft-mods-lead-to-multi-stage-multi-platform-infostealer-malware",fracturiser-2023,1
sky-villages-forge-fabric,Sky Villages mod compromised with Fracturiser malware,Sky Villages [Forge/Fabric],game_mod,,,"The CurseForge account associated with the 'Sky Villages' Minecraft mod was compromised. Attackers uploaded a malicious JAR file appearing as a legitimate update for the mod. This file contained the 'Fracturiser' malware, which steals various credentials and attempts to infect other JAR files on the victim's computer.",,2023,2023-05-01,2023-06-08,Cybercriminal Gang,group,Java,compromised_account_credentials,credential_theft,false,distribution,data_exfiltration,,"https://support.curseforge.com/en/support/solutions/articles/9000228509-june-2023-infected-mods-detection-tool-and-report, https://securelist.com/fracturiser-supply-chain-attack-infecting-minecraft-mods/110014/",fracturiser-2023,1
treecapitator-bukkit-plugin,Treecapitator Bukkit plugin compromised with Fracturiser malware,Treecapitator (Bukkit Plugin),game_mod,,,"An account with publishing rights on BukkitDev for a popular plugin implementing 'Treecapitator' functionality was compromised. A malicious JAR file containing the 'Fracturiser' malware was uploaded, appearing as an update. This malware aimed to steal user credentials (Discord, Microsoft, Minecraft) and propagate itself by infecting other JAR files.",,2023,2023-05-01,2023-06-08,Cybercriminal Gang,group,Java,compromised_account_credentials,credential_theft,false,distribution,data_exfiltration,,"https://support.curseforge.com/en/support/solutions/articles/9000228509-june-2023-infected-mods-detection-tool-and-report, https://prismlauncher.org/news/cf-compromised-alert/, https://www.bitdefender.com/en-au/blog/labs/infected-minecraft-mods-lead-to-multi-stage-multi-platform-infostealer-malware",fracturiser-2023,1
better-mc-modpack-series,Better MC modpacks compromised with Fracturiser malware,Better MC (Modpack Series),game,,,"The CurseForge account for 'Luna Pixel Studios', creators of the very popular 'Better MC' modpack series, was compromised. Attackers uploaded malicious versions of the modpacks (e.g., BMC3 for Forge 1.19.2). These modpacks either directly contained or pulled in dependencies infected with the 'Fracturiser' malware, leading to credential theft (Discord, Microsoft, Minecraft) and further malware propagation on users' systems.",,2023,2023-06-01,2023-06-08,Cybercriminal Gang,group,Java,compromised_account_credentials,credential_theft,false,distribution,data_exfiltration,,"https://support.curseforge.com/en/support/solutions/articles/9000228509-june-2023-infected-mods-detection-tool-and-report, https://www.bleepingcomputer.com/news/security/new-fractureiser-malware-used-curseforge-minecraft-mods-to-infect-windows-linux/, https://www.reddit.com/r/feedthebeast/comments/142zxka/some_curseforge_accounts_might_be/, https://github.com/fractureiser-investigation/fractureiser, https://raw.githubusercontent.com/fractureiser-investigation/fractureiser/main/docs/tech.md",fracturiser-2023,3
ledger-connect-kit,Ledger Connect Kit Supply Chain Attack,ledger-connect-kit,library,,https://github.com/LedgerHQ/connect-kit,"A former Ledger employee fell victim to a phishing attack, allowing attackers to access their NPM account and publish malicious versions of the @ledgerhq/connect-kit package. The payload contained a drainer that rerouted cryptocurrency funds to the attacker, affecting major dApps like SushiSwap and Revoke.cash.",,2023,2023-12-14,2023-12-14,Third Party,group,JavaScript,compromised_account_credentials,financial_gain,true,distribution,financial_exploitation,500000,https://cve.mitre.org/cgi-bin/cvename.cgi?name=CVE-2023-49954,,1
polyfill-io,Polyfill.io CDN Supply Chain Attack,polyfill.io,cdn,,,"After the popular polyfill.io domain was acquired by Funnull, the CDN began serving malicious JavaScript to selected visitors. The injected code redirected specific mobile users toward scam and gambling sites while avoiding administrative viewers, letting a browser compatibility service become a targeted traffic switch. The Register, citing Sansec and others, reported more than 100,000 websites still embedded polyfill.io scripts when defenders urged removal.","Polyfill.io was a runtime dependency rather than a package installation. Websites embedded a script URL so older browsers could receive compatibility code on demand. That meant the service owner could change what users received without site operators changing their own source.

After the domain changed hands, researchers observed the CDN serving suspicious JavaScript to selected clients. The malicious behavior was dynamic, based on request context such as headers and device traits. Sansec and The Register described mobile-user redirection through fake analytics-style domains toward scam or gambling destinations.

The incident was not a compromise of the original open-source polyfill project so much as a hostile change in the delivery authority for a widely embedded CDN domain. Andrew Betts, the original project creator, had already warned that the domain transfer created supply-chain risk and advised site owners to remove the dependency.

The practical guidance was simple: stop loading scripts from polyfill.io. Cloudflare and Fastly offered safer mirrors for temporary compatibility, and Google warned advertisers whose sites still embedded impacted third-party library URLs. The count of affected websites was exposure, not a count of confirmed exploited visitors.
",2024,2024-02-01,2024-06-27,Third Party,group,JavaScript,domain_acquisition,malicious,true,runtime,malicious_redirection,100000,"GitHub Advisory GHSA-6p56-6fvv-f2p2 <https://github.com/advisories/GHSA-6p56-6fvv-f2p2>, Remove Polyfill.io code from your website immediately <https://www.theregister.com/security/2024/06/26/remove-polyfillio-code-from-your-website-immediately/1049285>, Polyfill supply chain attack hits 100K+ sites <https://sansec.io/research/polyfill-supply-chain-attack>",,1
xzutils,xz utils liblzma backdoor in official release tarballs,xzutils,library,https://tukaani.org/xz/,https://github.com/tukaani-project/xz,"An attacker using the Jia Tan persona gained xz utils maintainer access after a long social-engineering campaign, then shipped official 5.6.0 and 5.6.1 release tarballs that hid a liblzma backdoor in test files and m4 build logic. On selected x86-64 Linux distribution builds, the payload could hook sshd through libsystemd and enable targeted pre-authentication remote code execution.","The xz utils compromise was not a smash-and-grab package takeover. An attacker operating as Jia Tan spent years becoming a trusted contributor, obtained release authority, and then used that position to publish official source tarballs for versions 5.6.0 and 5.6.1. The malicious release path mattered: parts of the backdoor lived in generated tarball content and obfuscated test files, while GitHub's auto-generated source archives did not contain the same complete payload.

The backdoor activated only under narrow build and runtime conditions, including x86-64 Linux, gcc, GNU ld, glibc-like environments, and Debian or RPM package-build signals. When the resulting liblzma was pulled into patched OpenSSH builds through libsystemd, it could intercept sshd's authentication path and respond to an attacker-controlled key with hidden command execution.

Andres Freund caught the attack by following performance anomalies, valgrind complaints, and unexpected liblzma CPU time in sshd on Debian unstable. That chance discovery kept the backdoor mostly inside unstable, testing, and pre-release distribution channels rather than stable Linux fleets. The incident exposed both the reach of small infrastructure libraries and the weakness of maintainer trust as a single control.
",2024,2024-02-24,2024-03-29,Jia Tan persona,persona,Shell,social_engineering,espionage_strategic_advantage,false,distribution,"backdoor, remote_code_execution",,"NVD: CVE-2024-3094 <https://nvd.nist.gov/vuln/detail/CVE-2024-3094>, backdoor in upstream xz/liblzma leading to ssh server compromise <https://www.openwall.com/lists/oss-security/2024/03/29/4>, Timeline of the xz open source attack <https://research.swtch.com/xz-timeline>, The xz attack shell script <https://research.swtch.com/xz-backdoor>, Inside the failed attempt to backdoor SSH globally - that got caught by chance <https://doublepulsar.com/inside-the-failed-attempt-to-backdoor-ssh-globally-that-got-caught-by-chance-bbfe628fafdd>, Reported Supply Chain Compromise Affecting XZ Utils Data Compression Library <https://web.archive.org/web/20240402162054/https://www.cisa.gov/news-events/alerts/2024/03/29/reported-supply-chain-compromise-affecting-xz-utils-data-compression-library>",,1
top-gg,Top.gg Python SDK Supply Chain Attack,top-gg,library,,https://github.com/top-gg/python-sdk,"Attackers hijacked the GitHub account of a Top.gg maintainer using stolen browser cookies to bypass MFA. They modified the repository's requirements.txt to point to a poisoned version of the Colorama package hosted on a typosquatted domain (files.pypihosted.org). The malware stole credentials, discord tokens, and cryptocurrency data.","The Top.gg attack used source control as the first distribution step. Attackers hijacked a maintainer's GitHub account with stolen browser cookies, bypassing MFA, and committed a change to the official python-sdk repository. The change looked like dependency plumbing: requirements.txt pointed at a Colorama package on a fake Python-hosting domain.

That small dependency edit routed installers away from the real package path. Checkmarx reported the fake infrastructure used files.pypihosted.org, a domain chosen to resemble legitimate PyPI file hosting. Users installing from the official Top.gg repository could therefore receive malware through the dependency resolver.

The malware focused on developer and Discord credentials, browser data, and cryptocurrency material. Checkmarx estimated more than 170,000 users were affected by the wider campaign using fake Python infrastructure. This record keeps the Top.gg SDK scope separate because the compromised source repository and dependency-file edit are specific and verifiable.
",2024,2024-03-01,2024-03-31,Third Party,group,Python,compromised_account_credentials,credential_theft,true,source,credential_theft,170000,Over 170K Users Affected by Attack Using Fake Python Infrastructure <https://checkmarx.com/blog/over-170k-users-affected-by-attack-using-fake-python-infrastructure/>,,1
wp-social-warfare,WordPress.org Supply Chain Attack on Social Warfare,wp-social-warfare,plugin,,https://wordpress.org/plugins/social-warfare/,Malicious code was injected directly into the Social Warfare plugin repository on WordPress.org. The malware created a new administrative user account (Options or PluginAuth) to gain full administrative control over affected sites and injected malicious JavaScript into website footers to generate SEO spam.,,2024,2024-06-21,2024-06-24,Third Party,group,PHP,malicious_injection,seo_spam_account_takeover,false,source,"account_takeover, defacement",,https://www.wordfence.com/blog/2024/06/supply-chain-attack-on-wordpress-org-plugins-leads-to-5-maliciously-compromised-wordpress-plugins/,wordpress-plugin-backdoor-2024,1
wp-wrapper-link-element,WordPress.org Supply Chain Attack on Wrapper Link Element,wp-wrapper-link-element,plugin,,https://wordpress.org/plugins/wrapper-link-element/,Malicious code was injected directly into the Wrapper Link Element plugin repository on WordPress.org. The malware created a new administrative user account (Options or PluginAuth) to gain full administrative control over affected sites and injected malicious JavaScript into website footers to generate SEO spam.,,2024,2024-06-21,2024-06-24,Third Party,group,PHP,malicious_injection,seo_spam_account_takeover,false,source,"account_takeover, defacement",,https://www.wordfence.com/blog/2024/06/supply-chain-attack-on-wordpress-org-plugins-leads-to-5-maliciously-compromised-wordpress-plugins/,wordpress-plugin-backdoor-2024,1
wp-simply-show-hooks,WordPress.org Supply Chain Attack on Simply Show Hooks,wp-simply-show-hooks,plugin,,https://wordpress.org/plugins/simply-show-hooks/,Malicious code was injected directly into the Simply Show Hooks plugin repository on WordPress.org. The malware created a new administrative user account (Options or PluginAuth) to gain full administrative control over affected sites and injected malicious JavaScript into website footers to generate SEO spam.,,2024,2024-06-21,2024-06-24,Third Party,group,PHP,malicious_injection,seo_spam_account_takeover,false,source,"account_takeover, defacement",,https://www.wordfence.com/blog/2024/06/supply-chain-attack-on-wordpress-org-plugins-leads-to-5-maliciously-compromised-wordpress-plugins/,wordpress-plugin-backdoor-2024,1
wp-blaze-widget,WordPress.org Supply Chain Attack on Blaze Widget,wp-blaze-widget,plugin,,https://wordpress.org/plugins/blaze-widget/,Malicious code was injected directly into the Blaze Widget plugin repository on WordPress.org. The malware created a new administrative user account (Options or PluginAuth) to gain full administrative control over affected sites and injected malicious JavaScript into website footers to generate SEO spam.,,2024,2024-06-21,2024-06-24,Third Party,group,PHP,malicious_injection,seo_spam_account_takeover,false,source,"account_takeover, defacement",,https://www.wordfence.com/blog/2024/06/supply-chain-attack-on-wordpress-org-plugins-leads-to-5-maliciously-compromised-wordpress-plugins/,wordpress-plugin-backdoor-2024,1
wp-contact-form-7-multi-step,WordPress.org Supply Chain Attack on Contact Form 7 Multi-Step Addon,wp-contact-form-7-multi-step,plugin,,https://wordpress.org/plugins/contact-form-7-multi-step-addon/,Malicious code was injected directly into the Contact Form 7 Multi-Step Addon plugin repository on WordPress.org. The malware created a new administrative user account (Options or PluginAuth) to gain full administrative control over affected sites and injected malicious JavaScript into website footers to generate SEO spam.,,2024,2024-06-21,2024-06-24,Third Party,group,PHP,malicious_injection,seo_spam_account_takeover,false,source,"account_takeover, defacement",,https://www.wordfence.com/blog/2024/06/supply-chain-attack-on-wordpress-org-plugins-leads-to-5-maliciously-compromised-wordpress-plugins/,wordpress-plugin-backdoor-2024,1
lottie-player,"lottie-player compromised via token, crypto theft.",lottie-player,library,,https://github.com/LottieFiles/lottie-player,"The lottie-player npm package was compromised when attackers gained access to a developer's access token. They published three malicious versions (2.0.5, 2.0.6, 2.0.7) that prompted users to connect their Web3 wallets, enabling theft of cryptocurrency assets. The compromised versions were distributed via CDNs, affecting users who hadn't pinned specific versions.",,2024,2024-10-30,2024-10-30,Individual Hacker,person,javascript,compromised_account_credentials,financial_gain,false,distribution,financial_exploitation,94000,"https://www.wiz.io/blog/lottie-player-supply-chain-attack, https://www.sonatype.com/blog/lottie-player-compromised-in-supply-chain-attack-all-you-need-to-know, https://www.reversinglabs.com/blog/differential-analysis-raises-red-flags-over-lottiefiles/lottie-player, https://github.com/LottieFiles/lottie-player/issues/593, https://lottiefiles.com/blog/lottiefiles-updates/incident-report-unauthorized-versions-of-lottie-player-npm-package",,1
solana-web3-js,@solana/web3.js NPM package compromised stealing private keys,@solana/web3.js,library,,https://github.com/solana-labs/solana-web3.js,"Attackers compromised an npm publish-access account and published malicious @solana/web3.js versions 1.95.6 and 1.95.7 on December 3, 2024. The injected code added credential-stealing behavior to private-key handling paths and exfiltrated material to sol-rpc.xyz. The advisory warned that server-side applications, bots, and private-key-handling systems were at risk, while noncustodial wallets that did not expose private keys were generally not affected.","@solana/web3.js is the canonical Solana SDK for JavaScript clients and server-side systems. Many bots, backends, and automation tools use it near signing keys. A poisoned npm release therefore created a direct route to wallet material.

On December 3, 2024, malicious versions 1.95.6 and 1.95.7 were published to npm. The official advisory says a publish-access account was compromised and that the affected releases were available for several hours before removal. The safe upgrade path was 1.95.8.

The added code targeted key-handling flows. Socket and other researchers described an `addToQueue` exfiltration function and calls from private-key related code paths. The destination domain was sol-rpc.xyz, an attacker-controlled endpoint designed to look plausible in the Solana ecosystem.

The highest-risk systems were those that passed private keys directly through the library: bots, backend services, and custodial tooling. The Register reported theft estimates around $160,000 and noted the package's large weekly download base, but the artifact record keeps confirmed malicious versions separate from broad ecosystem exposure.
",2024,2024-12-03T15:20:00Z,2024-12-03,Unknown,unknown,JavaScript,compromised_account_credentials,financial_gain,false,distribution,"credential_theft, financial_exploitation",500000,"CVE-2024-54134 <https://nvd.nist.gov/vuln/detail/CVE-2024-54134>, MITRE CVE-2024-54134 <https://cve.mitre.org/cgi-bin/cvename.cgi?name=CVE-2024-54134>, Researchers Uncover Backdoor in Solana's Web3.js npm Library <https://thehackernews.com/2024/12/researchers-uncover-backdoor-in-solanas.html>, Critical Security Alert - Solana Web3.js Library Compromise <https://www.cyfrin.io/blog/critical-security-alert-solana-web3-js-library-compromise>, @solana/web3.js v1.95.8 release <https://github.com/solana-labs/solana-web3.js/releases/tag/v1.95.8>, Solana JavaScript SDK backdoored to steal keys and funds <https://www.theregister.com/security/2024/12/05/solana-javascript-sdk-backdoored-to-steal-keys-funds/1065507>, @solana/web3.js private key leakage advisory <https://github.com/advisories/GHSA-jcxm-7wvp-g6p5>, Supply Chain Attack - Solana Web3.js Library <https://socket.dev/blog/supply-chain-attack-solana-web3-js-library>",,1
ultralytics,Ultralytics PyPI package compromised distributing cryptominer,ultralytics,library,,https://github.com/ultralytics/ultralytics,Attackers exploited a vulnerability in the project's GitHub Actions CI/CD workflow (combining `pull_request_target` trigger with command injection via unsanitized branch names). This allowed them to execute arbitrary code during the build/publish process and upload malicious versions of the official `ultralytics` package directly to PyPI. These compromised versions contained an XMRig cryptominer. Several malicious versions were published over a few days before being detected and removed.,,2024,2024-12-04,2024-12-07,Individual Hacker,person,Python,gha_vulnerability,financial_gain,false,ci_cd,financial_exploitation,,"https://www.legitsecurity.com/blog/the-ultralytics-supply-chain-attack-how-it-happened-how-to-prevent, https://safetycli.com/research/supply-chain-attack-ultralytics-ai, https://github.com/ultralytics/ultralytics/issues/18029",,1
vant,vant Vue UI library npm packages backdoored with XMRig,vant,library,,https://github.com/youzan/vant,"On 2024-12-19, the same day as the @rspack/core compromise and likely by the same actor, ten versions of the Chinese-origin Vue UI library `vant` were published to npm with obfuscated XMRig cryptojacking code beaconing to `80.78.28.72/tokens`. The compromise spanned three release lines (v2, v3, v4) — versions 2.13.3-2.13.5, 3.6.13-3.6.15, and 4.9.11-4.9.14 — leveraging a stolen npm publishing token. The maintainers released clean v4.9.15. Vant had ~46,000 weekly downloads at the time of the attack.",,2024,2024-12-19,2024-12-20,Unknown attacker,unknown,javascript,compromised_credentials,cryptojacking,false,distribution,cryptojacking,46000,"https://www.sonatype.com/blog/npm-packages-rspack-vant-compromised-blocked-by-sonatype, https://thehackernews.com/2024/12/rspack-vue-vant-packages-compromised.html",rspack-vant-cryptominer-2024,1
rspack,@rspack/core and @rspack/cli npm packages backdoored with XMRig,rspack,library,,https://github.com/web-infra-dev/rspack,"On 2024-12-19 at 02:01 UTC, an attacker with a compromised npm publishing token released v1.1.7 of `@rspack/core` and `@rspack/cli` containing heavily obfuscated postinstall code that fetched configuration from `80.78.28.72/tokens`, collected geolocation via ipinfo.io, and dropped XMRig configured to use 75% of CPU threads to mine Monero. Combined weekly downloads exceeded 500,000 (`@rspack/core` ~394k, `@rspack/cli` ~145k). The maintainers published v1.1.8 the same day removing the malicious code and deprecated v1.1.7. Sonatype linked it to a same-day vant compromise as likely the work of the same actor.",,2024,2024-12-19,2024-12-19,Unknown attacker,unknown,javascript,compromised_credentials,cryptojacking,false,distribution,cryptojacking,539000,"https://socket.dev/blog/rspack-supply-chain-attack, https://www.sonatype.com/blog/npm-packages-rspack-vant-compromised-blocked-by-sonatype, https://thehackernews.com/2024/12/rspack-vue-vant-packages-compromised.html",rspack-vant-cryptominer-2024,2
kong-ingress-controller,Kong Ingress Controller image backdoored with cryptominer,kong-ingress-controller,application,,https://github.com/Kong/kubernetes-ingress-controller,"An attacker compromised a Kong DockerHub Personal Access Token (PAT), likely via a CI/CD pipeline exploit (""Pwn Request"" targeting an old branch). Using this token, they uploaded a malicious version of the official Kong Ingress Controller container image (v3.4.0) directly to DockerHub. This malicious image contained an XMRig cryptominer configured to mine Monero using the resources of clusters that pulled and ran the compromised image.",,2024,2024-12-23,2025-01-02,Individual Hacker,person,Binary,compromised_account_credentials,financial_gain,false,ci_cd,financial_exploitation,,"https://github.com/Kong/kubernetes-ingress-controller/security/advisories/GHSA-58mg-ww7q-xw3p, https://konghq.com/blog/product-releases/december-2024-unauthorized-kong-ingress-controller-3-4-0-build, https://hackread.com/malicious-kong-ingress-controller-image-dockerhub/, https://www.armosec.io/blog/kong-ingress-controller-cryptojacking/",,1
reviewdog-action-setup,reviewdog/action-setup GitHub Action compromise leaks secrets,reviewdog/action-setup,ci_cd_plugin,,,"Attackers compromised a contributor's Personal Access Token (PAT), traced back to an earlier leak from the SpotBugs project, which granted write access. They maliciously updated the `v1` tag of the official `reviewdog/action-setup` GitHub Action to point to malicious code (`f0d342d`). For approximately 2 hours, workflows using `@v1` executed this code, which dumped secrets (like GITHUB_TOKEN) from the runner environment into publicly accessible workflow logs. This incident was a precursor, enabling the compromise of the `tj-actions/changed-files` action.",,2025,2025-03-11,2025-03-17,Unknown attacker,unknown,Shell,compromised_account_credentials,credential_theft,false,ci_cd,data_exfiltration,1500,"reviewdog/action-setup security advisory GHSA-qmg3-hpqr-gqvc <https://github.com/reviewdog/reviewdog/security/advisories/GHSA-qmg3-hpqr-gqvc>, CVE-2025-30154 <https://nvd.nist.gov/vuln/detail/CVE-2025-30154>, Supply Chain Compromise of tj-actions/changed-files and reviewdog/action-setup <https://www.cisa.gov/news-events/alerts/2025/03/18/supply-chain-compromise-third-party-tj-actionschanged-files-cve-2025-30066-and-reviewdogaction>, CVE-2025-30066 <https://nvd.nist.gov/vuln/detail/CVE-2025-30066>, New GitHub Action supply chain attack reviewdog/action-setup <https://www.wiz.io/blog/new-github-action-supply-chain-attack-reviewdog-action-setup>, reviewdog GitHub Actions are compromised <https://www.stepsecurity.io/blog/reviewdog-github-actions-are-compromised>, reviewdog issue 2079 <https://github.com/reviewdog/reviewdog/issues/2079>, GitHub Actions Supply Chain Attack <https://unit42.paloaltonetworks.com/github-actions-supply-chain-attack/>",reviewdog-tj-actions-2025,1
tj-actions-changed-files,tj-actions GitHub Actions compromised via token leak,tj-actions_changed-files,library,,https://github.com/tj-actions/changed-files,"Attackers used a token stolen through the reviewdog/action-setup compromise to rewrite tj-actions/changed-files tags to a malicious commit. The payload fetched memdump.py from a GitHub Gist, scanned GitHub Actions runner memory for secrets, and printed double-base64 encoded secret material into workflow logs. More than 23,000 repositories used the action; public repositories were most exposed because logs could reveal AWS keys, GitHub PATs, npm tokens, and private keys.","tj-actions/changed-files was trusted for a mundane CI task: finding which files changed in a workflow. The attacker turned that trust into a broad secret-exposure path by moving mutable action tags to a malicious commit. Workflows using tag references such as version tags could silently execute the attacker's code.

The payload was direct. It embedded base64 shell, fetched memdump.py from a GitHub Gist, ran it against the GitHub Actions Runner Worker process, searched memory for values marked as secrets, and printed the result to the workflow log as double-encoded base64. There was no separate command-and-control server observed for the broad tj-actions phase; the log became the leak surface.

Unit 42 tied the tj-actions compromise to reviewdog/action-setup and a targeted Coinbase phase. A token obtained through the reviewdog path gave write access to tj-actions/changed-files. After Coinbase removed the vulnerable workflow, the attacker replaced all changed-files tags with the malicious commit, widening the impact to any repository that ran the action during the exposure window.

The practical blast radius depended on repository visibility and workflow privileges. Public repositories could expose secrets directly through public logs; private repositories still had to treat secrets as compromised. Wiz reported exposed AWS keys, GitHub PATs, npm tokens, private RSA keys, and other sensitive material in affected public repositories.
",2025,2025-03-14,2025-03-15,Unknown attacker,unknown,Shell,compromised_account_credentials,credential_theft,false,ci_cd,"data_exfiltration, credential_theft",23000,"CVE-2025-30066 <https://nvd.nist.gov/vuln/detail/CVE-2025-30066>, MITRE CVE-2025-30066 <https://cve.mitre.org/cgi-bin/cvename.cgi?name=CVE-2025-30066>, Supply Chain Compromise of tj-actions/changed-files and reviewdog/action-setup <https://www.cisa.gov/news-events/alerts/2025/03/18/supply-chain-compromise-third-party-tj-actionschanged-files-cve-2025-30066-and-reviewdogaction>, GitHub Action tj-actions/changed-files supply chain attack <https://www.wiz.io/blog/github-action-tj-actions-changed-files-supply-chain-attack-cve-2025-30066>, Harden-Runner detection - tj-actions/changed-files Action is compromised <https://www.stepsecurity.io/blog/harden-runner-detection-tj-actions-changed-files-action-is-compromised>, tj-actions/changed-files issue reporting malicious changed-files commit <https://github.com/tj-actions/changed-files/issues/2464#issuecomment-2727020537>, GitHub supply chain attack spills secrets from 23,000 projects <https://www.theregister.com/security/2025/03/17/github-supply-chain-attack-spills-secrets-from-23k-projects/1192629>, GitHub Actions Supply Chain Attack <https://unit42.paloaltonetworks.com/github-actions-supply-chain-attack/>",reviewdog-tj-actions-2025,1
xrpl-js,xrpl.js npm package backdoored to steal XRP wallet seeds,xrpl.js,library,,https://github.com/XRPLF/xrpl.js,"Five malicious versions of the official Ripple JavaScript SDK were published to npm starting 2025-04-21 at 20:53 UTC by user `mukulljangid` after a maintainer credential compromise. The backdoor exfiltrated wallet seed phrases, mnemonics, and private keys via HTTP POST to `0x9c.xyz/xc` whenever Wallet objects were instantiated or derived. Early versions (4.2.1-4.2.2) injected the payload into compiled JavaScript; later versions (4.2.3-4.2.4) added it to TypeScript source so the backdoor compiled cleanly into builds. Aikido Intel detected the publishes and Ripple released clean v4.2.5 within ~24 hours.","xrpl.js sits close to money. It is the official JavaScript and TypeScript SDK for building against the XRP Ledger, including wallet handling, key management, payments, escrow, and exchange features. A malicious release in that package does not need broad system access to be dangerous; it needs only to see the secret material developers ask the library to handle.

On April 21, 2025, five npm versions were published with private-key stealing code: 4.2.1, 4.2.2, 4.2.3, 4.2.4, and 2.14.2. The official advisory says the 4.x versions were compromised and designed to exfiltrate private keys, while 2.14.2 was also malicious but less likely to exploit because it was not compatible with other 2.x releases.

The attacker iterated. Early versions injected malicious code into compiled JavaScript; later ones moved the change into TypeScript source so it would compile naturally into the distributed build. The payload posted wallet seed phrases, mnemonics, and private keys to attacker infrastructure when Wallet objects were created or derived.

The project patched with 4.2.5 and 2.14.3 and told affected users to treat keys as exposed. For XRP accounts, that means moving funds to secure wallets, rotating keys where possible, and disabling a potentially compromised master key. The Register noted the package had reached more than 186,000 weekly downloads in April, a measure of exposure rather than confirmed theft.
",2025,2025-04-21,2025-04-22,Unknown attacker,unknown,javascript,compromised_credentials,cryptocurrency_theft,false,distribution,"cryptocurrency_theft, credential_theft",140000,"XRP Supply Chain Attack - Official npm Package Infected With Crypto-Stealing Backdoor <https://www.aikido.dev/blog/xrp-supplychain-attack-official-npm-package-infected-with-crypto-stealing-backdoor>, XRP Supply Chain Attack - Official npm Package Infected With Crypto-Stealing Backdoor <https://thehackernews.com/2025/04/xrp-supply-chain-attack-official-npm.html>, Official XRP Ledger npm package backdoored to steal private keys <https://www.bleepingcomputer.com/news/security/official-xrp-ledger-npm-package-backdoored-to-steal-private-keys/>, Ripple NPM supply chain attack hunts for private keys <https://www.theregister.com/security/2025/04/23/ripple-npm-supply-chain-attack-hunts-for-private-keys/382324>, Compromised xrpl.js versions 4.2.1, 4.2.2, 4.2.3, 4.2.4, and 2.14.2 <https://github.com/XRPLF/xrpl.js/security/advisories/GHSA-33qr-m49q-rxfx>",,1
rand-user-agent,rand-user-agent Package Hijacked With RAT,rand-user-agent,library,,https://github.com/WebScrapingAPI/rand-user-agent,"Attackers compromised the NPM account of the maintainer and published malicious versions of the rand-user-agent package. The compromised versions contained obfuscated code that installed a Remote Access Trojan (RAT), which established a connection to a command-and-control server. The malware could execute arbitrary commands, upload files from victims' machines, and modify the PATH environment variable to hijack Python execution.",,2025,2025-05-05,2025-05-05,Individual Hacker,person,JavaScript,compromised_account_credentials,unauthorized_access_control,false,distribution,"backdoor, remote_code_execution",45000,"https://www.aikido.dev/blog/catching-a-rat-remote-access-trojian-rand-user-agent-supply-chain-compromise, https://www.npmjs.com/package/rand-user-agent",,1
notepad-plus-plus,Notepad++ Update Infrastructure Compromise,notepad-plus-plus,application,https://notepad-plus-plus.org,https://github.com/notepad-plus-plus/notepad-plus-plus,"Attackers compromised Notepad++ update infrastructure at the hosting provider layer and distributed malicious update.exe files through the trusted update path. Between June and October 2025, the operation delivered Cobalt Strike Beacons and Chrysalis backdoors to selected organizations in specific regions.",,2025,2025-06-01,2025-10-31,Nation-state,state,C++,compromised_infrastructure,espionage,false,distribution,"remote_access, backdoor",,"https://securelist.com/notepad-supply-chain-attack/118708/, https://hackingpassion.com/notepad-plus-plus-supply-chain-attack/",,1
gluestack-ui,gluestack-ui and react-native-aria npm packages trojanized,gluestack-ui,library,,https://github.com/gluestack/gluestack-ui,"Beginning 2025-06-06 at 16:33 EST, an attacker who obtained a Gluestack publishing token pushed malicious updates to 17 packages across the @gluestack-ui and @react-native-aria scopes — starting with @react-native-aria/focus 0.2.10 and continuing over the next ~36 hours. The payload was appended to `lib/index.js` after large blocks of whitespace and acted as a remote-access trojan capable of running shell commands, file upload/download, and on Windows hijacking Python by editing PATH. Combined weekly downloads exceeded one million. Aikido Security identified the backdoor on 2025-06-08 and Gluestack revoked the token.",,2025,2025-06-06,2025-06-08,Unknown attacker,unknown,javascript,compromised_credentials,remote_access,false,distribution,"backdoor, remote_access",1000000,"https://scanoss.com/lessons-from-the-gluestack-supply-chain-attack/, https://www.aikido.dev/blog/supply-chain-attack-on-react-native-aria-ecosystem, https://gluestack.io/blogs/public-incident-report, https://thehackernews.com/2025/06/popular-react-native-aria-and-gluestack.html",,17
pkgjs-core,@pkgjs/core npm phishing compromise,pkgjs-core,library,,https://www.npmjs.com/package/@pkgjs/core,"StepSecurity confirmed @pkgjs/core 0.2.8 as one of the npm packages affected by the July 2025 npnjs.com maintainer phishing campaign. The attacker used a phished maintainer credential path to publish malicious releases directly to npm without corresponding source repository changes. In the eslint-config-prettier cluster, the malicious package family executed install.js during installation and launched a bundled Windows DLL through rundll32 on Windows systems.",,2025,2025-07-18,2025-07-19,Third Party,group,JavaScript,social_engineering,remote_code_execution,true,distribution,code_execution,,"https://www.stepsecurity.io/blog/supply-chain-security-alert-eslint-config-prettier-package-shows-signs-of-compromise, https://socket.dev/blog/npm-phishing-campaign-leads-to-prettier-tooling-packages-compromise",npnjs-scam-npm-2025,1
got-fetch,got-fetch npm Package Hijacked (Scavenger Malware),got-fetch,library,,https://github.com/sindresorhus/got-fetch,"As part of the expanding npm maintainer phishing campaign using the npnjs.com domain, attackers published rogue got-fetch 5.1.11 and 5.1.12 releases. StepSecurity's eslint-config-prettier incident update cited Checkmarx reporting that this package used a different Windows-focused payload than the earlier node-gyp.dll packages: the Pycoon information stealer delivered via crashreporter.dll. The malicious releases were deprecated, and the package was later marked deprecated on npm.",,2025,2025-07-18,2025-07-22,Third Party,group,JavaScript,compromised_account_credentials,data_exfiltration_remote_access,false,distribution,"remote_access, credential_theft",,"https://www.stepsecurity.io/blog/supply-chain-security-alert-eslint-config-prettier-package-shows-signs-of-compromise, https://socket.dev/blog/npm-is-package-hijacked-in-expanding-supply-chain-attack",npnjs-scam-npm-2025,1
is,'is' npm Package Hijacked (Scavenger Malware),is,library,,https://github.com/sindresorhus/is,"Attackers running the npnjs.com npm phishing campaign hijacked an old maintainer account for the popular is package and used social engineering to regain package access: after the compromised old maintainer was removed, the attacker convinced current maintainers that npm had removed the account for missing 2FA, leading the account to be re-added. On July 19, 2025, the attackers published is 3.3.1 and 5.0.0. Reporting on the broader campaign describes the payload family as Scavenger, a cross-platform JavaScript loader that stole browser data, environment variables, and SSH keys and established an interactive remote shell via WebSocket.",,2025,2025-07-18,2025-07-22,Third Party,group,JavaScript,compromised_account_credentials,data_exfiltration_remote_access,false,distribution,"remote_access, credential_theft",2800000,"https://www.stepsecurity.io/blog/supply-chain-security-alert-eslint-config-prettier-package-shows-signs-of-compromise, https://www.stepsecurity.io/blog/another-npm-supply-chain-attack-the-is-package-compromise, https://socket.dev/blog/npm-is-package-hijacked-in-expanding-supply-chain-attack",npnjs-scam-npm-2025,1
napi-postinstall,napi-postinstall npm phishing compromise,napi-postinstall,library,,https://www.npmjs.com/package/napi-postinstall,"StepSecurity confirmed napi-postinstall 0.3.1 as one of the npm packages affected by the July 2025 npnjs.com maintainer phishing campaign. The attacker used a phished maintainer credential path to publish malicious releases directly to npm without corresponding source repository changes. In the eslint-config-prettier cluster, the malicious package family executed install.js during installation and launched a bundled Windows DLL through rundll32 on Windows systems.",,2025,2025-07-18,2025-07-19,Third Party,group,JavaScript,social_engineering,remote_code_execution,true,distribution,code_execution,,"https://www.stepsecurity.io/blog/supply-chain-security-alert-eslint-config-prettier-package-shows-signs-of-compromise, https://socket.dev/blog/npm-phishing-campaign-leads-to-prettier-tooling-packages-compromise",npnjs-scam-npm-2025,1
eslint-plugin-prettier,eslint-plugin-prettier npm phishing compromise,eslint-plugin-prettier,library,,https://github.com/prettier/eslint-plugin-prettier,The same npnjs.com npm maintainer phishing campaign that compromised eslint-config-prettier also compromised eslint-plugin-prettier. StepSecurity confirmed eslint-plugin-prettier 4.2.2 and 4.2.3 as affected versions after maintainer JounQin reported that a phishing email led to a malicious npm token being added and used to publish compromised releases. The malicious package family executed install.js during installation and launched a bundled Windows DLL through rundll32 on Windows systems.,,2025,2025-07-18,2025-07-19,Third Party,group,JavaScript,social_engineering,remote_code_execution,true,distribution,code_execution,,"https://www.stepsecurity.io/blog/supply-chain-security-alert-eslint-config-prettier-package-shows-signs-of-compromise, https://socket.dev/blog/npm-phishing-campaign-leads-to-prettier-tooling-packages-compromise",npnjs-scam-npm-2025,1
eslint-config-prettier,npm Phishing Campaign Targets Prettier Tooling,eslint-config-prettier,library,,https://github.com/prettier/eslint-config-prettier,"A phishing campaign targeting npm maintainers through the typosquatted npnjs.com domain compromised eslint-config-prettier. The attacker added a malicious npm token to maintainer JounQin's account and published eslint-config-prettier 8.10.1, 9.1.1, 10.1.6, and 10.1.7 directly to npm without matching GitHub source changes. The malicious package executed install.js during installation and, on Windows hosts, launched bundled node-gyp.dll with rundll32. NVD assigned CVE-2025-54313 to the eslint-config-prettier compromise. Related packages from the same campaign are tracked separately in their own records.",,2025,2025-07-18,2025-07-19,Third Party,group,JavaScript,social_engineering,remote_code_execution,true,distribution,code_execution,5000000,"https://www.stepsecurity.io/blog/supply-chain-security-alert-eslint-config-prettier-package-shows-signs-of-compromise, https://github.com/prettier/eslint-config-prettier/issues/339, https://nvd.nist.gov/vuln/detail/CVE-2025-54313, https://socket.dev/blog/npm-phishing-campaign-leads-to-prettier-tooling-packages-compromise, https://socket.dev/blog/npm-is-package-hijacked-in-expanding-supply-chain-attack",npnjs-scam-npm-2025,1
snyckit,snyckit npm phishing compromise,snyckit,library,,https://www.npmjs.com/package/snyckit,"StepSecurity confirmed snyckit 0.11.9 as one of the npm packages affected by the July 2025 npnjs.com maintainer phishing campaign. The attacker used a phished maintainer credential path to publish malicious releases directly to npm without corresponding source repository changes. In the eslint-config-prettier cluster, the malicious package family executed install.js during installation and launched a bundled Windows DLL through rundll32 on Windows systems.",,2025,2025-07-18,2025-07-19,Third Party,group,JavaScript,social_engineering,remote_code_execution,true,distribution,code_execution,,"https://www.stepsecurity.io/blog/supply-chain-security-alert-eslint-config-prettier-package-shows-signs-of-compromise, https://socket.dev/blog/npm-phishing-campaign-leads-to-prettier-tooling-packages-compromise",npnjs-scam-npm-2025,1
aws-toolkit-vscode,Malicious script injected into Amazon Q Developer for Visual Studio,aws-toolkit-vscode,plugin,,https://github.com/aws/aws-toolkit-vscode,"A threat actor exploited an inappropriately scoped GitHub token in the extension's CodeBuild configuration to commit malicious code into the open-source repository. This code was automatically included in the version 1.84.0 release. Fortunately, the malicious code failed to execute due to a syntax error.",,2025,2025-07-25,2025-07-25,Third Party,group,TypeScript,compromised_credentials,malicious,false,source,none,,https://github.com/aws/aws-toolkit-vscode/security/advisories/GHSA-7g7f-ff96-5gcw,,1
num2words,num2words Maintainer Phishing and Account Takeover,num2words,library,,https://github.com/savoirfairelinux/num2words,"Attackers used the lookalike pypj.org domain to phish PyPI maintainers, steal credentials and 2FA codes, create a new API token, and upload malicious num2words releases. The first suspicious release, 0.5.15, appeared on PyPI without a matching GitHub tag, commit, or release. The later GitHub advisory confirmed that both 0.5.15 and 0.5.16 contained malware and were removed from PyPI. The incident is part of the broader Scavenger-era maintainer phishing wave.",,2025,2025-07-28,2025-07-31,Cybercriminal Gang,group,Python,social_engineering,credential_theft,false,distribution,credential_theft,50000,"https://www.stepsecurity.io/blog/supply-chain-security-alert-num2words-pypi-package-shows-signs-of-compromise, https://github.com/advisories/GHSA-jxr6-qrxx-2ph2",,1
essential-plugin,Essential Plugin WordPress.org portfolio backdoor,essential-plugin,plugin,,https://profiles.wordpress.org/essentialplugin/,"After the Essential Plugin, formerly WP Online Support, portfolio was sold on Flippa, the new owner gained WordPress.org commit access and planted a dormant PHP backdoor across the plugin family. The code shipped through official plugin updates for months, then activated on April 5-6, 2026, fetching payloads from analytics.essentialplugin.com, dropping wp-comments-posts.php, and injecting Googlebot-targeted SEO spam into wp-config.php before WordPress.org closed all 31 plugins and pushed disabling updates.",,2025,2025-08-08,2026-04-08,New owner,maintainer,PHP,maintainer_ownership_transfer,seo_spam_remote_access,false,source,"backdoor, remote_access, seo_spam",20000,"https://anchor.host/someone-bought-30-wordpress-plugins-and-planted-a-backdoor-in-all-of-them/, https://www.technadu.com/wordpress-essential-plugin-backdoor-disseminated-to-over-20000-active-wordpress-installations/625912/, https://wpspear.com/essentialplugin-flippa-backdoor/, https://mysites.guru/blog/essential-plugin-wordpress-backdoor/",,31
nx-build,"Nx Build ""s1ngularity"" Supply Chain Attack",nx-build,build_tool,,https://github.com/nrwl/nx,"The s1ngularity incident began with a vulnerable Nx GitHub Actions workflow that combined pull_request_target privileges with shell injection in pull-request metadata. The attacker used it to publish malicious nx, @nrwl/nx, and @nx package versions. The postinstall payload harvested developer, GitHub, npm, SSH, environment, and wallet secrets, coerced local AI CLI tools into reconnaissance, and exfiltrated data to public s1ngularity GitHub repositories. Wiz later observed a second phase using leaked GitHub tokens to expose more than 5,500 private repositories.","The Nx attack began in CI, not in the npm registry. A vulnerable GitHub Actions workflow combined `pull_request_target` privileges with unsanitized pull-request title handling. That gave attacker-controlled metadata a path to command execution with elevated repository permissions, and the attacker used that path to reach npm publishing.

The malicious releases added a postinstall `telemetry.js` payload to Nx packages on August 26, 2025. It ran on Linux and macOS, searched for `.env` files, SSH keys, wallet material, GitHub and npm credentials, and other developer secrets. It also appended `sudo shutdown -h 0` to shell startup files, a noisy sabotage step that may have helped defenders notice the compromise quickly.

The novel part was tool abuse. The payload prompted locally installed AI CLI tools such as Claude, Gemini, and Amazon Q with permissive flags like `--dangerously-skip-permissions`, `--yolo`, and `--trust-all-tools`, coercing trusted tools into filesystem reconnaissance. The output fed `/tmp/inventory.txt`, then exfiltration code pushed double- or triple-base64 encoded data into GitHub repositories named `s1ngularity-repository`.

GitHub disabled the attacker-created repositories after an exposure window of roughly eight hours, but Wiz observed more than 1,000 valid GitHub tokens, dozens of cloud and npm credentials, and roughly 20,000 files in the leaked material. A second phase used leaked GitHub tokens to make more than 5,500 private repositories public across more than 400 users and organizations.
",2025,2025-08-26,2025-08-27,Third Party,group,JavaScript,ci_cd_exploit,credential_theft_data_exfiltration,false,distribution,"credential_theft, data_exfiltration, disruption",400,"Supply Chain Security Alert - Popular Nx Build System Package Compromised With Data-Stealing Malware <https://www.stepsecurity.io/blog/supply-chain-security-alert-popular-nx-build-system-package-compromised-with-data-stealing-malware>, GHSA-cxm3-wv7p-598c - Malicious versions of Nx and affected plugins <https://github.com/nrwl/nx/security/advisories/GHSA-cxm3-wv7p-598c>, Nx build system s1ngularity supply-chain attack <https://www.kaspersky.co.uk/blog/nx-build-s1ngularity-supply-chain-attack/29435/>, Nx NPM packages poisoned in AI-assisted supply chain attack <https://www.theregister.com/software/2025/08/27/nx-npm-packages-poisoned-in-ai-assisted-supply-chain-attack/1137095>, s1ngularity: supply chain attack leaks secrets on GitHub <https://www.wiz.io/blog/s1ngularity-supply-chain-attack>",,10
qix-npm-account,Qix npm maintainer account compromise,qix-npm-account,library,,,"Attackers phished prolific npm maintainer Josh Junon with the fake npmjs.help domain, intercepted credentials and 2FA tokens, and used the captured npm access to publish malicious releases across 18 packages he maintained. The poisoned utility packages carried a crypto-clipper and credential-harvesting worm, turning tiny dependencies with enormous install reach into a broad wallet-theft and propagation surface.",,2025,2025-09-08,2025-09-08,Third Party,group,JavaScript,social_engineering,financial_gain,false,distribution,"credential_theft, financial_exploitation, self_propagation",50000000,"https://www.varonis.com/, https://www.aikido.dev/blog/npm-debug-and-chalk-packages-compromised, https://www.stepsecurity.io/blog/20-popular-npm-packages-compromised-chalk-debug-strip-ansi-color-convert-wrap-ansi, https://blog.qualys.com/vulnerabilities-threat-research/2025/09/10/when-dependencies-turn-dangerous-responding-to-the-npm-supply-chain-attack",qix-npm-phishing-2025,18
duckdb,DuckDB npm Account Compromise,duckdb,library,,https://github.com/duckdb/duckdb-node,"The duckdb_admin npm account was compromised via a phishing email linking to a cloned npmjs site, allowing attackers to bypass 2FA and inject a new API token. The attackers published malicious DuckDB npm packages carrying the same wallet-drainer family used in the Qix/debug/chalk compromise. JFrog later named duckdb, @duckdb/node-bindings, @duckdb/duckdb-wasm, and @duckdb/node-api as follow-on packages in the ongoing September 2025 npm phishing campaign.","DuckDB was not part of the first public Qix maintainer blast, but it followed the same path through npm trust. The attacker phished npm credentials through a cloned npm login flow, gained publish access, and pushed malicious package versions from the duckdb_admin account.

JFrog's follow-on reporting tied the DuckDB packages to the same ongoing September 2025 npm phishing campaign that had already hit debug, chalk, ansi-regex, strip-ansi, and related packages. That linkage matters because earlier uncertainty left DuckDB looking like a nearby but possibly separate account compromise.

The payload family was the browser-facing wallet drainer from the wider campaign. It used JavaScript obfuscation, hooked web3 and XMLHttpRequest behavior, watched transaction data across multiple chains, and rewrote payment destinations to attacker-controlled addresses before signing.

DuckDB remains a separate attack record because its package owner and artifact scope are distinct from the Qix-maintained utility packages. The campaign membership now captures the shared phishing infrastructure, timing, malware behavior, and JFrog's explicit attribution to the same ongoing npm attack.
",2025,2025-09-09,2025-09-09,Third Party,group,JavaScript,social_engineering,financial_gain,false,distribution,financial_exploitation,5,"DuckDB npm Account Compromised in Continuing Supply Chain Attack <https://socket.dev/blog/duckdb-npm-account-compromised-in-continuing-supply-chain-attack>, New compromised packages identified in largest npm attack in history <https://jfrog.com/blog/new-compromised-packages-in-largest-npm-attack-in-history/>",qix-npm-phishing-2025,4
crowdstrike-npm,CrowdStrike NPM Packages Compromise (Shai-Hulud Worm),crowdstrike-npm,library,,,"The Shai-Hulud self-propagating worm compromised several official @crowdstrike/ scoped npm packages as part of a broader 526-package wave. This record tracks the CrowdStrike package scope specifically. The malware hunted for GITHUB_TOKEN, NPM_TOKEN, and cloud credentials by executing TruffleHog, then propagated by hijacking publish rights to inject malicious postinstall scripts and republish affected packages.",,2025,2025-09-14,2025-09-16,Third Party,group,JavaScript,compromised_account_credentials,credential_theft,false,distribution,"credential_theft, self_propagation",,"https://socket.dev/blog/ongoing-supply-chain-attack-targets-crowdstrike-npm-packages, https://cybersecuritynews.com/npm-supply-chain-attack-crowdstrike/",shai-hulud-npm-2025,9
ctrl-tinycolor,@ctrl/tinycolor NPM Package Compromise (Shai-Hulud),ctrl-tinycolor,library,,,"An attacker targeted a shared repository (angulartics2) where the maintainer had admin rights. They pushed a malicious branch (Shai-Hulud) containing a GitHub Actions workflow that immediately ran, exfiltrating a static npm token with broad publish rights. The attacker then published malicious versions of approximately 20 packages, including @ctrl/tinycolor, containing a malicious postinstall script.",,2025,2025-09-15,2025-09-15,Third Party,group,JavaScript,compromised_account_credentials,credential_theft,false,distribution,code_execution,2000000,https://sigh.dev/posts/ctrl-tinycolor-post-mortem/,shai-hulud-npm-2025,1
zapier-npm,Zapier NPM Account Compromise (Shai Hulud V2),zapier-npm,library,,https://github.com/zapier/zapier-platform,"The Sha1-Hulud ""Second Coming"" npm worm compromised Zapier packages across the @zapier scope and unscoped zapier-platform packages. Affected releases used a preinstall hook to invoke Bun and run an obfuscated credential stealer that harvested GitHub, npm, cloud, and local environment secrets, exfiltrated them through public GitHub repositories, attempted npm self-propagation, and registered a self-hosted GitHub Actions runner for persistence. The incident affected core Zapier platform and SDK packages.",,2025,2025-11-23,2025-11-24,Third Party,group,JavaScript,compromised_account_credentials,credential_theft,false,distribution,"credential_theft, self_propagation",,"https://docs.zapier.com/integrations/build-cli/inc-547, https://cybersecuritynews.com/zapiers-npm-account-compromised/, https://www.stepsecurity.io/blog/sha1-hulud-the-second-coming-zapier-ens-domains-and-other-prominent-npm-packages-compromised, https://stepsecurity-public-media.s3.us-west-2.amazonaws.com/website/blog/Sha1-Hulud-The-Second-Coming.html",sha1-hulud-npm-packages,16
ensdomains-npm,ENS NPM Account Compromise (Shai Hulud V2),ensdomains-npm,library,,https://github.com/ensdomains/ens-contracts,"The Sha1-Hulud ""Second Coming"" npm worm compromised many Ethereum Name Service packages, including @ensdomains/ensjs, @ensdomains/ens-contracts, @ensdomains/ens-validation, ethereum-ens, and supporting ENS libraries. Affected releases invoked Bun from a preinstall hook and ran an obfuscated payload that harvested GitHub, npm, cloud, and local secrets, exfiltrated them through public GitHub repositories, attempted npm propagation, registered a self-hosted GitHub Actions runner, and included destructive behavior on non-CI Linux hosts.",,2025,2025-11-23,2025-11-24,Third Party,group,JavaScript,compromised_account_credentials,credential_theft,false,distribution,"credential_theft, self_propagation",,"https://cybersecuritynews.com/zapiers-npm-account-compromised/, https://www.stepsecurity.io/blog/sha1-hulud-the-second-coming-zapier-ens-domains-and-other-prominent-npm-packages-compromised, https://stepsecurity-public-media.s3.us-west-2.amazonaws.com/website/blog/Sha1-Hulud-The-Second-Coming.html",sha1-hulud-npm-packages,45
cline,Cline CLI unauthorized npm publish installs openclaw,cline,cli_tool,,https://github.com/cline/cline,"An unauthorized party used an exposed npm publish token to publish cline@2.3.0. The release was byte-identical to cline@2.2.3 except for a postinstall script that ran npm install -g openclaw@latest. Cline reported no malicious code delivery, user-data access, source-code compromise, or VS Code/OpenVSX/JetBrains extension compromise. The exposed token traced back to an AI-powered issue-triage workflow vulnerable to prompt injection; that workflow had been removed, but its npm credential was not revoked. Maintainers deprecated 2.3.0, published clean 2.4.0, revoked the token, and moved npm publishing to OIDC provenance.","Cline's February 2026 incident was strange because the payload was not itself malware. An unauthorized publisher released cline@2.3.0 to npm, and the package was otherwise nearly identical to the previous release. The meaningful change was a lifecycle hook that installed OpenClaw globally on the user's machine.

The access path is the important part. Adnan Khan had reported a prompt-injection weakness in Cline's AI issue triage flow, showing how an issue could influence automation with access to release credentials. The live npm incident was performed by a different actor, but the exposed long-lived npm token traced back to that removed workflow and had not been revoked.

The malicious package ran `npm install -g openclaw@latest` during installation. Endor Labs noted that OpenClaw itself was a legitimate open-source package and that the compromised release did not install or start OpenClaw's gateway daemon. The impact was still real: thousands of developers received globally installed software they did not request from an official package release.

Cline deprecated 2.3.0, published 2.4.0, revoked the compromised token, and moved npm publication to OIDC provenance through GitHub Actions. The deeper lesson is not OpenClaw; it is that AI-maintained project automation can become release infrastructure, and prompt injection against that automation can leave ordinary package-registry credentials behind.
",2026,2026-02-17,2026-02-17,Unknown,unknown,JavaScript,compromised_account_credentials,unauthorized_software_installation,false,distribution,unauthorized_software_installation,4000,"Post Mortem - Unauthorized Cline CLI npm Release <https://cline.bot/blog/post-mortem-unauthorized-cline-cli-npm>, GHSA-9ppg-jx86-fqw7 - Unauthorized Cline CLI npm release <https://github.com/cline/cline/security/advisories/GHSA-9ppg-jx86-fqw7>, Cline Supply Chain Attack Detected - Cline 2.3.0 Silently Installs OpenClaw <https://www.stepsecurity.io/blog/cline-supply-chain-attack-detected-cline-2-3-0-silently-installs-openclaw>, Clinejection - Compromising Cline's Production Releases just by Prompting an Issue Triager <https://adnanthekhan.com/posts/clinejection/>, AI coding assistant Cline compromised to create more OpenClaw chaos <https://www.theregister.com/security/2026/02/20/ai-coding-assistant-cline-compromised-installs-openclaw/4803356>, Supply Chain Attack targeting Cline installs OpenClaw <https://www.endorlabs.com/learn/supply-chain-attack-targeting-cline-installs-openclaw>",,1
ts-bign,ts-bign npm Polymarket wallet stealer,ts-bign,library,,https://www.npmjs.com/package/ts-bign,"ts-bign 1.2.8 was one of the malicious npm packages embedded in a fake Polymarket trading bot hosted under the hijacked dev-protocol GitHub organization. The package posed as numeric-library plumbing but pulled in levex-refa, a transitive file stealer that searched for environment files, Solana keypairs, and trading-bot configuration, then exfiltrated them with local user and IP metadata. The case is historically useful because the scam bot still called real Polymarket APIs, making the theft path look like a functional trading tool.",,2026,2026-02-26,2026-03-15,Unknown,unknown,JavaScript,typosquatting,wallet_key_theft,true,distribution,wallet_key_theft,,https://www.stepsecurity.io/blog/malicious-polymarket-bot-hides-in-hijacked-dev-protocol-github-org-and-steals-wallet-keys,,1
big-nunber,big-nunber npm SSH backdoor installer,big-nunber,library,,https://www.npmjs.com/package/big-nunber,"big-nunber 5.0.2 was embedded in the same fake Polymarket trading bot hosted under the hijacked dev-protocol GitHub organization. It typosquatted bignumber.js but depended on lint-builder, which ran during npm install and at runtime to fetch instructions, steal files, fingerprint the host, and set up SSH access by taking ownership of ~/.ssh and opening port 22. The package combined credential theft with remote-access preparation while the bot continued to appear operational.",,2026,2026-02-26,2026-03-15,Unknown,unknown,JavaScript,typosquatting,credential_theft_remote_access,true,distribution,"remote_access, credential_theft",,https://www.stepsecurity.io/blog/malicious-polymarket-bot-hides-in-hijacked-dev-protocol-github-org-and-steals-wallet-keys,,1
trivy-hackerbot-claw,Trivy Repository Takeover via hackerbot-claw,trivy-hackerbot-claw,application,,https://github.com/aquasecurity/trivy,"The hackerbot-claw account exploited a pull_request_target workflow in aquasecurity/trivy to run untrusted fork code with repository privileges. The stolen token was used to push directly to the repository, vandalize the README, temporarily privatize and rename the project, replace it with an empty repository, delete release assets from v0.27.0 through v0.69.1, and publish a suspicious Trivy VS Code extension artifact. Aqua restored the repository, revoked publishing tokens, removed the vulnerable workflow, and republished v0.69.2 while rebuilding release assets.",,2026,2026-02-28,2026-03-01,Individual,person,Go,ci_cd_exploit,credential_theft_vandalism,false,ci_cd,repository_takeover,,"hackerbot-claw GitHub Actions Exploitation <https://www.stepsecurity.io/blog/hackerbot-claw-github-actions-exploitation>, Official information about Trivy repository takeover incident <https://github.com/aquasecurity/trivy/discussions/10265>",,1
reworm,Glassworm Unicode Attack on reworm repo,reworm,library,,https://github.com/pedronauck/reworm,"The Glassworm threat actor compromised the pedronauck/reworm GitHub repository and blended malicious code into realistic-looking commits. Invisible PUA Unicode characters hid the payload from casual review, making the repository appear ordinary while its source carried credential-stealing logic beneath the text.",,2026,2026-03-03,2026-03-09,Third Party,group,JavaScript,compromised_account_credentials,credential_theft,false,source,credential_theft,1460,https://www.aikido.dev/blog/glassworm-returns-unicode-attack-github-npm-vscode,glassworm-march-2026,1
kubernetes-el,kubernetes-el Emacs package repository compromise,kubernetes-el,library,https://github.com,https://github.com/kubernetes-el/kubernetes-el,"An attacker exploited a Pwn Request flaw in kubernetes-el's GitHub Actions workflow: pull_request_target ran with target-repository privileges and then checked out attacker-controlled PR code. The payload stole repository tokens and secrets, then used the token to push directly to master as github-actions[bot], deface the README, replace kubernetes.el with a destructive command that would run when loaded, and delete most repository files. MELPA removed the package and Emacsmirror updates were blocked, limiting downstream distribution.",,2026,2026-03-05,2026-03-07,Unknown,unknown,Emacs Lisp,gha_vulnerability,sabotage_credential_theft,false,source,"destructive_code_execution, credential_theft",,"https://www.stepsecurity.io/blog/kubernetes-el-compromised-how-a-pwn-request-exploited-a-popular-emacs-package, https://github.com/kubernetes-el/kubernetes-el/issues/383",,1
forcememo-python-repos,ForceMemo GitHub Python repository force-push campaign,forcememo-python-repos,repository,https://github.com,,"ForceMemo was a GitHub account-takeover campaign that force-pushed similar malware into hundreds of Python repositories across Django apps, ML research, Streamlit dashboards, Flask APIs, and projects installed directly from GitHub. The attacker preserved legitimate commit authorship and messages while appending an obfuscated Python loader to common entry points. The malware used the shared marker lzcdrtfxyqiplpd, avoided Russian/CIS systems, and pulled encrypted follow-on instructions through a Solana memo wallet. This grouped record captures the campaign because the affected set was a moving GitHub code-search population rather than a stable package list.",,2026,2026-03-08,2026-03-14,Unknown,unknown,Python,compromised_account_credentials,credential_theft_wallet_key_theft,false,source,"credential_theft, wallet_key_theft",,https://www.stepsecurity.io/blog/forcememo-hundreds-of-github-python-repos-compromised-via-account-takeover-and-force-push,,1
miso-client,Glassworm Unicode Attack on miso-client,miso-client,library,,,"The Glassworm threat actor published a malicious version of @aifabrix/miso-client using invisible Unicode malware. The payload used PUA (Private Use Area) Unicode characters to hide the malicious script, which executed a second-stage payload (often delivered via Solana) to steal tokens and exfiltrate secrets.",,2026,2026-03-12,2026-03-13,Third Party,group,JavaScript,malicious_injection,credential_theft,false,distribution,credential_theft,,https://www.aikido.dev/blog/glassworm-returns-unicode-attack-github-npm-vscode,glassworm-march-2026,1
quartz-markdown-editor,Glassworm Unicode Attack on quartz-markdown-editor,quartz-markdown-editor,extension,,,"The Glassworm threat actor published a malicious version of the quartz.quartz-markdown-editor VS Code extension. Its payload was concealed with invisible PUA Unicode characters, hiding credential-theft logic in plain source view while the extension worked as a quiet collector of authentication tokens and secrets.",,2026,2026-03-12,2026-03-13,Third Party,group,JavaScript,malicious_injection,credential_theft,false,distribution,credential_theft,,GlassWorm Returns: New Wave Strikes as We Expose Attacker Infrastructure <https://www.aikido.dev/blog/glassworm-returns-unicode-attack-github-npm-vscode>,glassworm-march-2026,1
watercrawl-mcp,Glassworm Unicode Attack on watercrawl-mcp,watercrawl-mcp,library,,,"The Glassworm threat actor published malicious versions of @iflow-mcp/watercrawl-watercrawl-mcp with payloads hidden by invisible Unicode characters. The package kept the shape of a normal MCP dependency while concealed code executed credential stealers, letting source text itself become camouflage for supply-chain intrusion.",,2026,2026-03-12,2026-03-13,Third Party,group,JavaScript,malicious_injection,credential_theft,false,distribution,credential_theft,,https://www.aikido.dev/blog/glassworm-returns-unicode-attack-github-npm-vscode,glassworm-march-2026,1
bittensor-wallet,bittensor-wallet PyPI Private Key Exfiltration Backdoor,bittensor-wallet,library,,https://github.com/opentensor/btwallet,"A registry-only malicious release of bittensor-wallet 4.0.2 was uploaded to PyPI and later yanked. The backdoor was compiled into the Rust wallet code so wallet decryption paths exposed coldkey and hotkey material directly to the payload. It used sandbox checks, encrypted stolen key data with an attacker public key, deduplicated repeated unlocks, and exfiltrated through HTTPS, DNS lookups, and DNS tunneling. The release also removed bundled artifact-attestation workflow steps, making it harder to compare the PyPI artifact against the legitimate source release.",,2026,2026-03-15,2026-03-17,Unknown,unknown,Rust,compromised_account_credentials,credential_theft,true,distribution,private_key_theft,,"https://www.stepsecurity.io/blog/bittensor-wallet-4-0-2-compromised-on-pypi---backdoor-exfiltrates-private-keys, https://github.com/opentensor/btwallet/issues/183, https://socket.dev/diff/pypi/package/bittensor-wallet/4.0.1..4.0.2",,1
react-native-international-phone-number,react-native-international-phone-number npm account takeover,react-native-international-phone-number,library,,https://github.com/AstrOOnauta/react-native-international-phone-number,"An attacker controlling the astroonauta npm account published malicious react-native-international-phone-number releases without matching GitHub releases, tags, or workflow runs. Aikido reported 0.11.8 was published on March 16, 2026 at 10:49:29 UTC with the same preinstall install.js loader used minutes later in react-native-country-select. Later releases hid the same malware behind a dependency chain through @agnoliaarisian7180/string-argv and @usebioerhold8733/s-format. The staged chain used Solana and Google Calendar indirection to deliver a Windows credential and wallet stealer.","The first malicious react-native-international-phone-number release landed at 10:49:29 UTC on March 16, 2026. It added a preinstall hook that ran node install.js, while the prior adjacent 0.11.7 release did not include that hook. Aikido noted that 0.11.8 still depended on the clean react-native-country-select 0.3.9, which means this package was directly backdoored rather than merely poisoned by its dependency.

The loader followed the same staged path as the companion package. It queried Solana RPC for a memo, decoded a link, fetched a second stage, and decrypted a third-stage payload. The third stage used a Google Calendar URL to recover another slug, then requested more content from the same attacker-controlled IP address.

The recovered payload targeted Windows developer systems. It established persistence through schtasks and the HKCU Run key, wrote an init.json state file, downloaded Node.js runtimes, walked browser and wallet storage, collected npm and GitHub credentials, and posted the archive to attacker infrastructure. After disclosure, the same npm account was used in later releases that moved the delivery into a transitive dependency chain.
",2026,2026-03-16,2026-03-18,Unknown,unknown,JavaScript,compromised_account_credentials,credential_theft,true,distribution,credential_theft,,"Malicious npm Releases Found in Popular React Native Packages - 130K Monthly Downloads Compromised <https://www.stepsecurity.io/blog/malicious-npm-releases-found-in-popular-react-native-packages---130k-monthly-downloads-compromised>, Malicious release report for react-native-international-phone-number <https://github.com/AstrOOnauta/react-native-international-phone-number/issues/165>, Follow-up malicious release report for react-native-international-phone-number <https://github.com/AstrOOnauta/react-native-international-phone-number/issues/167>, Glassworm Strikes Popular React Native Phone Number Packages <https://www.aikido.dev/blog/glassworm-strikes-react-packages-phone-numbers>",glassworm-march-2026,1
react-native-country-select,react-native-country-select npm account takeover,react-native-country-select,library,,https://github.com/AstrOOnauta/react-native-country-select,"The astroonauta npm account takeover also compromised react-native-country-select, a direct dependency of react-native-international-phone-number. Aikido reported 0.3.91 was published on March 16, 2026 at 10:54:18 UTC with a new preinstall hook and byte-identical install.js loader. After deprecation, the attacker retained access and republished through a transitive dependency chain ending in @usebioerhold8733/s-format. The malware used Solana and Google Calendar indirection to deliver a Windows credential and wallet stealer with persistence.","The first react-native-country-select payload was small at the package boundary and large after execution. Version 0.3.91 added a preinstall hook that ran node install.js before npm finished the install. Aikido found the adjacent 0.3.9 release clean, making the change narrow and easy to describe: one new loader file and one lifecycle hook.

The loader reached to Solana RPC, recovered a transaction memo, decoded a URL, and fetched a second stage. The recovered chain continued through AES-decrypted JavaScript and a Google Calendar URL used as another indirection point before fetching more content from attacker infrastructure. The same install.js loader hash appeared in both React Native packages compromised that morning.

The later payload was Windows-focused theft code, not a harmless beacon. It set persistence with schtasks and an HKCU Run key, wrote an init.json guard, downloaded Node.js runtimes into AppData, walked browser profile and wallet storage, killed browser processes, stole npm and GitHub credentials, and exfiltrated collected archives. StepSecurity later tracked the attacker returning with additional releases that hid delivery behind transitive dependencies.
",2026,2026-03-16,2026-03-18,Unknown,unknown,JavaScript,compromised_account_credentials,credential_theft,true,distribution,credential_theft,,"Malicious npm Releases Found in Popular React Native Packages - 130K Monthly Downloads Compromised <https://www.stepsecurity.io/blog/malicious-npm-releases-found-in-popular-react-native-packages---130k-monthly-downloads-compromised>, Malicious release report for react-native-country-select <https://github.com/AstrOOnauta/react-native-country-select/issues/11>, Glassworm Strikes Popular React Native Phone Number Packages <https://www.aikido.dev/blog/glassworm-strikes-react-packages-phone-numbers>",glassworm-march-2026,1
trivy-second-compromise,Trivy v0.69.4 Release and Action Compromise,trivy-second-compromise,application,,https://github.com/aquasecurity/trivy,"After incomplete containment of the February Trivy takeover, compromised credentials were used to publish malicious Trivy v0.69.4 artifacts, force-push most trivy-action version tags, and replace setup-trivy tags with credential-stealing commits. The payloads read GitHub Actions runner memory and process environments, collected developer and cloud secrets, encrypted the data, and exfiltrated to the typosquatted domain scan.aquasecurtiy.org or fallback public tpcp-docs repositories. Compromised Docker Hub images followed on March 22. Aqua deleted affected tags, released fixed action versions, and published GHSA-69fq-xp46-6x23 / CVE-2026-33634.","The second Trivy compromise was a containment failure with a long tail. After the February takeover, attackers still had usable access. On March 19, 2026, they used compromised credentials to publish Trivy v0.69.4 artifacts and to change action tags that existing CI/CD workflows already trusted.

The delivery path was not one file. It included the Trivy release, `trivy-action`, `setup-trivy`, and later Docker Hub images for 0.69.4, 0.69.5, and 0.69.6. Many workflows referenced mutable action tags instead of pinned commits, so force-pushed tags changed code under stable-looking configuration.

The payload read GitHub Actions runner memory and process environments, collected developer and cloud secrets, encrypted the archive, and tried to exfiltrate it to `scan.aquasecurtiy.org` or fallback public repositories. Trivy was valuable to the attacker because it already ran where secrets live: inside build and deployment pipelines.

The Register reported Mandiant's estimate of more than 1,000 impacted SaaS environments, with researchers warning that the number could grow. Aqua removed affected tags, released fixed action versions, and published GHSA-69fq-xp46-6x23. The incident then bled into adjacent tools, including LiteLLM, through secrets stolen from CI/CD.
",2026,2026-03-19,2026-03-23,Advanced Persistent Threat,group,Go,compromised_account_credentials,credential_theft,true,ci_cd,credential_theft,1000,"Trivy Compromised a Second Time - Malicious v0.69.4 Release <https://www.stepsecurity.io/blog/trivy-compromised-a-second-time---malicious-v0-69-4-release>, CanisterWorm - How a Self-Propagating npm Worm Is Spreading Backdoors Across the Ecosystem <https://www.stepsecurity.io/blog/canisterworm-how-a-self-propagating-npm-worm-is-spreading-backdoors-across-the-ecosystem>, GitHub Advisory: Trivy supply chain compromise <https://github.com/advisories/GHSA-69fq-xp46-6x23>, Trivy v0.69.4 supply chain compromise discussion <https://github.com/aquasecurity/trivy/discussions/10425>, Trivy Docker Images Compromised in Supply Chain Attack <https://socket.dev/blog/trivy-docker-images-compromised>, 1K+ cloud environments infected following Trivy supply chain attack <https://www.theregister.com/special-features/2026/03/24/1k-cloud-environments-infected-via-trivy-attack/5226043>, Five Supply Chain Attacks in Twelve Days <https://blog.dreamfactory.com/five-supply-chain-attacks-in-twelve-days-how-march-2026-broke-open-source-trust-and-what-comes-next>",,4
opengov-form-builder,@opengov/form-builder CanisterWorm npm Backdoor,opengov-form-builder,library,,https://www.npmjs.com/package/@opengov/form-builder,"TeamPCP's CanisterWorm campaign backdoored @opengov/form-builder 0.12.3 after npm publishing credentials were stolen through the second Trivy compromise. The malicious release added a postinstall payload that installed a persistent Python implant and polled an Internet Computer canister C2. The worm harvested npm publishing tokens, enumerated packages the victim could publish, bumped patch versions, injected the same payload, and republished with the latest tag. Follow-on capability included Kubernetes DaemonSet deployment that varied by geolocation and cluster context.",,2026,2026-03-21,2026-03-21,Advanced Persistent Threat,group,JavaScript,compromised_account_credentials,credential_theft_self_propagation,true,distribution,"credential_theft, self_propagation",,"https://www.stepsecurity.io/blog/canisterworm-how-a-self-propagating-npm-worm-is-spreading-backdoors-across-the-ecosystem, https://osv.dev/vulnerability/MAL-2026-2210, https://www.stepsecurity.io/blog/trivy-compromised-a-second-time---malicious-v0-69-4-release",teampcp-2026,1
litellm,LiteLLM PyPI Credential Stealer and Kubernetes Backdoor,litellm,library,,https://github.com/BerriAI/litellm,"TeamPCP compromised LiteLLM PyPI releases 1.82.7 and 1.82.8 with a credential-stealing payload that evolved from a proxy-module trigger to a wheel-level .pth file executed by Python at interpreter startup. The malware harvested environment, SSH, cloud, Kubernetes, package-manager, CI/CD, and wallet secrets, encrypted the archive with a TeamPCP RSA/AES scheme, and exfiltrated it as tpcp.tar.gz. It also attempted user-level persistence and, where Kubernetes permissions allowed, deployed privileged pods to backdoor cluster nodes. The incident is historically important as a stealthy Python-packaging abuse case where the second release executed even when LiteLLM itself was never imported.","LiteLLM was a downstream hit from the Trivy compromise. According to LiteLLM maintainers, a bad Trivy scanner ran in the project's CI/CD pipeline and exposed the PyPI publishing token. The attacker used that token to publish LiteLLM 1.82.7 and 1.82.8 to PyPI.

The delivery path was direct Python package installation. The Register and LiteLLM maintainers identified `litellm_init.pth` in the compromised packages; Python processes `.pth` files at interpreter startup, so version 1.82.8 could execute before an application imported LiteLLM. The official LiteLLM Proxy Docker path was reported not impacted because it pinned dependencies and did not use the compromised PyPI packages.

The payload collected environment, SSH, cloud, Kubernetes, package-manager, CI/CD, and wallet secrets. It encrypted the archive using the TeamPCP RSA/AES pattern and wrote the stolen material as `tpcp.tar.gz`. Where Kubernetes permissions allowed, the malware also attempted privileged pod deployment for node access.

BerriAI removed the affected PyPI releases, deleted publishing tokens, rotated maintainer accounts, paused new releases, and engaged Mandiant while reviewing repositories and CI/CD. PyPA's advisory told anyone who installed and ran the affected package to assume credentials available to the LiteLLM environment were exposed and rotate them from clean systems.
",2026,2026-03-24,2026-03-24,Advanced Persistent Threat,group,Python,compromised_account_credentials,credential_theft_lateral_movement,true,distribution,"credential_theft, system_compromise",,"Five Supply Chain Attacks in Twelve Days <https://blog.dreamfactory.com/five-supply-chain-attacks-in-twelve-days-how-march-2026-broke-open-source-trust-and-what-comes-next>, LiteLLM Security Update - March 2026 <https://docs.litellm.ai/blog/security-update-march-2026>, LiteLLM Supply Chain Attack <https://cycode.com/blog/lite-llm-supply-chain-attack/>, LiteLLM Credential Stealer Hidden in PyPI Wheel <https://www.stepsecurity.io/blog/litellm-credential-stealer-hidden-in-pypi-wheel>, Security: Supply Chain Incident <https://github.com/BerriAI/litellm/issues/24512>, LiteLLM loses game of Trivy pursuit, gets compromised <https://www.theregister.com/security/2026/03/24/litellm-infected-with-credential-stealing-code-via-trivy/5223422>, Hacker News: LiteLLM maintainer update on compromised PyPI packages <https://news.ycombinator.com/item?id=47502858>, Security: Supply Chain Incident - Friday Townhall <https://github.com/BerriAI/litellm/discussions/24575>",teampcp-2026,1
iolitelabs-vscode-solidity,IoliteLabs VS Code Solidity Extensions Backdoor,iolitelabs-vscode-solidity,plugin,,https://github.com/iolitelabs/vscode-solidity-iolite,"A dormant IoliteLabs Visual Studio Marketplace publisher account was used to update three Solidity extensions to version 0.1.8 after nearly eight years of inactivity, with no matching source repository commits. The VSIX packages replaced the original language-server behavior with startup activation and hid the backdoor in a bundled copy of the pako dependency. The payload delivered Windows and macOS backdoors with persistence and exfiltration behavior; the Linux extension loaded the tampered dependency but did not contain an active Linux execution branch. The incident shows how dormant publisher accounts and vendored dependencies can hide malicious extension code away from the declared entry point.",,2026,2026-03-25,2026-03-27,Unknown,unknown,JavaScript,compromised_account_credentials,credential_theft_backdoor,false,distribution,"credential_theft, backdoor",27500,https://www.stepsecurity.io/blog/malicious-iolitelabs-vscode-extensions-target-solidity-developers-on-windows-macos-and-linux-with-backdoor,,3
telnyx,Telnyx PyPI WAV Steganography Credential Stealer,telnyx,library,,https://github.com/team-telnyx/telnyx-python,"TeamPCP compromised Telnyx Python SDK releases 4.87.1 and 4.87.2 by adding import-time malware to the PyPI artifacts. The payload hid a second-stage credential stealer inside WAV audio data, collected developer, cloud, package-manager, and wallet secrets, encrypted them with the same TeamPCP RSA/AES scheme seen in LiteLLM, and exfiltrated them as tpcp.tar.gz. Version 4.87.2 also repaired a Windows branch intended to decode and persist a PE backdoor. The case stands out for using audio steganography inside a legitimate communications SDK package.",,2026,2026-03-27,2026-03-27,Advanced Persistent Threat,group,Python,compromised_account_credentials,credential_theft,true,distribution,credential_theft,742000,"https://blog.dreamfactory.com/five-supply-chain-attacks-in-twelve-days-how-march-2026-broke-open-source-trust-and-what-comes-next, https://www.stepsecurity.io/blog/teampcp-plants-wav-steganography-credential-stealer-in-telnyx-pypi-package, https://github.com/team-telnyx/telnyx-python/issues/235",teampcp-2026,1
axios,Axios npm Account Takeover and RAT,axios,library,,https://github.com/axios/axios,"A compromised axios maintainer account published malicious npm versions 1.14.1 and 0.30.4 on March 31, 2026. Both releases injected plain-crypto-js 4.2.1, whose install path delivered a multi-platform RAT and exposed machines that installed the brief releases. The package versions were live for about three hours before removal; affected systems were advised to remove the dependency and rotate secrets.","The axios compromise was short, but it sat on a very large dependency graph. On March 31, 2026, an attacker used the lead maintainer's npm access to publish axios 1.14.1 and 0.30.4. The project later described the entry point as a compromised maintainer machine reached through targeted social engineering and RAT malware.

The malicious axios releases did not need to rewrite the library's public API. They added a dependency on plain-crypto-js 4.2.1, moving the payload into dependency resolution and install-time execution. A normal fresh install during the window could pull the poisoned axios version, then pull the malicious helper package from npm.

The payload was a remote access trojan for macOS, Windows, and Linux. The postmortem told affected users to inspect lockfiles for axios 1.14.1, axios 0.30.4, or plain-crypto-js, remove the malicious dependency, check for traffic to sfrclak[.]com or 142.11.206.73 on port 8000, and rotate every secret available to the affected machine or CI runner.

The timeline was measured in hours: axios 1.14.1 appeared at 00:21 UTC, axios 0.30.4 around 01:00 UTC, community detections followed almost immediately, and npm removed the malicious axios versions by 03:15 UTC. The project response moved toward immutable releases, OIDC publishing, stronger GitHub Actions hygiene, and a release process less dependent on one personal account.
",2026,2026-03-31,2026-03-31,Third Party,group,JavaScript,compromised_account_credentials,backdoor_remote_code_execution,false,distribution,"remote_access, certificate_revocation",,"Five Supply Chain Attacks in Twelve Days <https://blog.dreamfactory.com/five-supply-chain-attacks-in-twelve-days-how-march-2026-broke-open-source-trust-and-what-comes-next>, Axios Supply Chain Attack Reaches OpenAI macOS Signing Pipeline, Forces Certificate Rotation <https://socket.dev/blog/axios-supply-chain-attack-reaches-openai-macos-signing-pipeline-forces-certificate-rotation>, Post Mortem: axios npm supply chain compromise <https://github.com/axios/axios/issues/10636>",,2
velora-dex-sdk,VeloraDEX SDK npm macOS Backdoor,velora-dex-sdk,library,,https://github.com/VeloraDEX/sdk,"A registry-only malicious release of @velora-dex/sdk 9.4.1 was published to npm with no matching source commit. Instead of using an install hook, the attacker prepended code to the package entry point so importing the SDK downloaded and installed a macOS backdoor with launchctl persistence. The change was limited to package metadata and dist/index.js compared with the clean 9.4.0 tarball, making --ignore-scripts ineffective because execution moved from install time to first runtime import.",,2026,2026-04-07,2026-04-07,Unknown,unknown,JavaScript,compromised_account_credentials,backdoor,true,distribution,backdoor,,"https://www.stepsecurity.io/blog/velora-dex-sdk-compromised-on-npm-malicious-version-drops-macos-backdoor-via-launchctl-persistence, https://github.com/VeloraDEX/sdk/issues/233",,1
pgserve,pgserve npm CanisterSprawl credential stealer,pgserve,library,,https://github.com/iarna/pgserve,"On April 21, 2026, malicious pgserve npm versions 1.1.11, 1.1.12, and 1.1.13 added a postinstall loader that harvested developer and CI secrets, encrypted them with RSA-4096 and AES-256, and exfiltrated to an Internet Computer Protocol canister. The payload could propagate through npm publish tokens and PyPI tokens, turning an embedded PostgreSQL development package into a cross-ecosystem credential theft worm.","pgserve was a small, convenient development dependency: an embedded PostgreSQL server meant to drop into Node.js projects with little ceremony. The malicious versions changed that trust boundary at install time. Versions 1.1.11, 1.1.12, and 1.1.13 were published to npm on April 21, 2026 without matching upstream git tags.

The package change was blunt and effective. Compared with the last legitimate release, 1.1.10, the malicious tarballs added scripts/check-env.js and scripts/public.pem, then wired package.json to run a postinstall command. The command ended with `|| true`, so an error in the malware would not break the install or warn the developer with a failed dependency.

The injected script harvested environment variables, package-manager tokens, SSH keys, cloud credentials, Kubernetes and database material, crypto wallets, and browser password stores. Before transmission, it used a hybrid RSA-4096 and AES-256 scheme, then exfiltrated primarily to an Internet Computer Protocol canister and secondarily to a webhook if the right environment key was present.

The propagation logic made this more than a theft implant. If it found an npm publish token, it could enumerate packages the victim could publish, copy its loader and public key into each package, bump versions, and publish again. If it found a PyPI token, it attempted Python-package infection using .pth execution, crossing from npm into Python packaging.
",2026,2026-04-21T22:14:00Z,2026-04-22,TeamPCP,group,JavaScript,compromised_account_credentials,credential_theft,true,distribution,"credential_theft, self_propagation",,"CanisterSprawl: pgserve Compromised on npm <https://www.stepsecurity.io/blog/pgserve-compromised-on-npm-malicious-versions-harvest-credentials>, Disclosure issue for malicious pgserve npm releases <https://github.com/iarna/pgserve/issues/25>",teampcp-2026,1
bitwarden-cli,Bitwarden CLI Compromise (Shai-Hulud V3),bitwarden-cli,application,,https://github.com/bitwarden/clients,"The official Bitwarden CLI npm package (@bitwarden/cli) version 2026.4.0 was compromised during the broader Checkmarx/TeamPCP supply-chain campaign after attackers abused a GitHub Actions path in Bitwarden's CI/CD pipeline. The malicious package included a bw1.js payload that shared infrastructure with the Checkmarx campaign, harvested GitHub, npm, cloud, SSH, environment, Claude, and MCP credentials, exfiltrated to audit.checkmarx.cx and GitHub commit-based dead drops, and attempted npm/GitHub supply-chain propagation with injected install hooks and workflow files.",,2026,2026-04-22,2026-04-23,Advanced Persistent Threat,group,JavaScript,ci_cd_exploit,credential_theft,true,ci_cd,"credential_theft, self_propagation",100000,"https://socket.dev/blog/bitwarden-cli-compromised, https://unit42.paloaltonetworks.com/monitoring-npm-supply-chain-attacks/",teampcp-2026,1
xinference,Xinference PyPI Two-Stage Credential Stealer,xinference,library,,https://github.com/xorbitsai/inference,"TeamPCP compromised three consecutive xinference PyPI releases, 2.6.0 through 2.6.2, by adding an import-time two-stage Python credential stealer to xinference/__init__.py. The attacker iterated the trigger across releases but kept the same core behavior: collect SSH keys, environment variables, cloud and Kubernetes credentials, package-manager tokens, CI/CD files, shell history, and wallet material, then archive and exfiltrate the results to attacker infrastructure. The incident is notable for its rapid multi-version refinement and for sharing TeamPCP markers and injection patterns with the LiteLLM and Telnyx compromises.",,2026,2026-04-22,2026-04-22,Advanced Persistent Threat,group,Python,compromised_account_credentials,credential_theft,true,distribution,credential_theft,,https://www.stepsecurity.io/blog/teampcp-injects-two-stage-credential-stealer-into-xinference-pypi-package,teampcp-2026,1
elementary-data,elementary-data PyPI and GHCR Forged Release,elementary-data,library,,https://github.com/elementary-data/elementary,"An attacker exploited a GitHub Actions script-injection flaw in elementary-data's issue-update workflow to forge release state, tag v0.23.3 at an orphan commit, and dispatch the legitimate release pipeline. That pipeline published elementary-data==0.23.3 to PyPI and pushed compromised GHCR images tagged 0.23.3 and latest. The artifacts used a Python .pth file to execute at interpreter startup, unpack a multi-stage credential stealer, collect local, cloud, container, Kubernetes, package-manager, wallet, and system secrets, and exfiltrate them as trin.tar.gz.",,2026,2026-04-24,2026-04-25,Third Party,group,Python,ci_cd_exploit,credential_theft,true,ci_cd,"credential_theft, self_propagation",,"https://www.elementary-data.com/post/security-incident-report-malicious-release-of-elementary-oss-python-cli-v0-23-3, https://www.stepsecurity.io/blog/elementary-data-compromised-on-pypi-and-ghcr-forged-release-pushed-via-github-actions-script-injection",,2
sap-cap-js,SAP CAP Packages Mini Shai-Hulud,sap-cap-js,library,,https://github.com/cap-js/cds-dbs,"Mini Shai-Hulud compromised SAP ecosystem npm packages mbt, @cap-js/sqlite, @cap-js/postgres, and @cap-js/db-service through two release paths: a stolen static npm token for mbt and an abused GitHub Actions OIDC publishing flow for cap-js/cds-dbs. The malicious releases ran a Bun-based credential stealer, exfiltrated encrypted secrets through attacker-created GitHub repositories, added IDE persistence through Claude Code and VS Code hooks, injected repository-secret stealing workflows, and attempted propagation through stolen npm tokens.",,2026,2026-04-29,2026-04-30,Advanced Persistent Threat,group,JavaScript,ci_cd_exploit,credential_theft,true,ci_cd,"credential_theft, self_propagation",570000,"https://www.stepsecurity.io/blog/a-mini-shai-hulud-has-appeared, https://github.com/SAP/cloud-mta-build-tool/issues/1651, https://github.com/cap-js/cds-dbs/issues/1328, https://unit42.paloaltonetworks.com/monitoring-npm-supply-chain-attacks/",teampcp-2026,4
intercom-php,Intercom PHP SDK Compromise (Mini Shai-Hulud),intercom-php,library,,https://github.com/intercom/intercom-php,"The Mini Shai-Hulud campaign expanded into the PHP ecosystem by compromising the official intercom/intercom-php package on Packagist. Attackers compromised a maintainer account to overwrite existing legitimate versions. The malicious code was converted into a Composer plugin to execute automatically during installation, downloading the Bun runtime to execute an obfuscated payload that exfiltrated GitHub tokens, SSH keys, cloud credentials, and .env files to zero.masscan.cloud.",,2026,2026-04-30,2026-04-30,Third Party,group,PHP,compromised_account_credentials,credential_theft,false,distribution,credential_theft,,https://semgrep.dev/blog/2026/malicious-intercom-php-package-spreads-mini-shai-hulud-attack-to-packagist-via-composer-plugin/,teampcp-2026,1
intercom-client,Intercom Node.js SDK Compromise (Mini Shai-Hulud),intercom-client,library,,https://github.com/intercom/intercom-node,"The Mini Shai-Hulud/TeamPCP campaign compromised the official intercom-client package on npm. The malicious 7.0.4 release was published on April 30, 2026 at 14:41 UTC via a hijacked GitHub Actions OIDC publishing pipeline and introduced a preinstall hook, setup.mjs loader, and 11.7 MB obfuscated router_runtime.js payload. The payload used Bun v1.3.13, daemonized itself, harvested GitHub, npm, AWS, GCP, Azure, private-key, and generic API credentials, exfiltrated via GitHub private repositories under victim accounts, and attempted worm-style propagation through stolen npm publishing tokens.",,2026,2026-04-30,2026-04-30,Advanced Persistent Threat,group,JavaScript,ci_cd_exploit,credential_theft,true,ci_cd,"credential_theft, self_propagation",361510,"https://www.stepsecurity.io/blog/shai-hulud-worm-pivots-to-multi-cloud-intercom-client-hijacked, https://github.com/intercom/intercom-node/issues/518, https://semgrep.dev/blog/2026/malicious-intercom-php-package-spreads-mini-shai-hulud-attack-to-packagist-via-composer-plugin/",teampcp-2026,1
pytorch-lightning,Lightning PyPI wheel bundled Shai-Hulud credential stealer,pytorch-lightning,library,,https://github.com/Lightning-AI/pytorch-lightning,"The Mini Shai-Hulud campaign compromised the lightning PyPI package, with malicious versions 2.6.2 and 2.6.3 bundling a hidden _runtime directory. On import, the package started a daemon thread that downloaded the Bun JavaScript runtime from GitHub and executed an 11 MB obfuscated _runtime/router_runtime.js payload. StepSecurity reported credential theft, environment and cloud secret harvesting, GitHub API exfiltration through victim credentials, and npm tarball poisoning on the developer machine.",,2026,2026-04-30,2026-04-30,Advanced Persistent Threat,group,Python,compromised_account_credentials,credential_theft,true,distribution,"credential_theft, self_propagation",,"https://www.stepsecurity.io/blog/lightning-obfuscated-javascript-credential-stealer-bundled-in-pypi-wheel, https://github.com/Lightning-AI/pytorch-lightning/issues/21689, https://semgrep.dev/blog/2026/malicious-intercom-php-package-spreads-mini-shai-hulud-attack-to-packagist-via-composer-plugin/",teampcp-2026,1
tanstack-router,TanStack npm packages compromised by Mini Shai-Hulud,tanstack-router,library,,https://github.com/TanStack/router,"TeamPCP's Mini Shai-Hulud worm compromised the TanStack Router release pipeline by chaining a pull_request_target ""Pwn Request"" pattern, GitHub Actions cache poisoning, and runtime extraction of a GitHub Actions OIDC trusted-publisher token from runner memory. On 2026-05-11, malicious @tanstack/* versions added root payload files and an optional GitHub dependency on @tanstack/setup at an orphan commit whose prepare script ran tanstack_runner.js with Bun. The payload harvested cloud, Kubernetes, Vault, GitHub, npm, SSH, and local secrets, exfiltrated through Session/Oxen, and attempted npm self-propagation.","The TanStack wave made provenance uncomfortable. The attacker did not only steal a registry token and push a tarball by hand. According to the public postmortem and follow-on research, the release path was abused through GitHub Actions: a pull_request_target pattern, cache poisoning, and extraction of trusted-publishing material from the runner while the workflow still looked like official automation.

The npm packages carried a new root-level payload file, reported by Aikido as router_init.js, and added an optional dependency on @tanstack/setup from a GitHub commit in the TanStack router repository. That dependency had a prepare script that ran tanstack_runner.js with Bun and then exited nonzero. Because it was optional, the visible install failure could be treated as noise after the code had already run.

The payload was built for developer workstations and CI/CD runners. It searched for GitHub and npm tokens, GitHub Actions OIDC material, AWS credentials and metadata endpoints, Kubernetes service account files, Vault tokens, environment variables, local filesystem secrets, and SSH material. Exfiltration and staging followed the broader Mini Shai-Hulud pattern, including Session/Oxen infrastructure and GitHub-centered propagation logic.

TanStack is recorded separately because its package scope and release pipeline evidence are unusually clear. Aikido counted 83 TanStack package-version entries within a broader May 2026 wave of 373 malicious package-version entries across 169 npm package names. This record preserves the TanStack artifacts, while the campaign record carries the shifting cross-ecosystem count.
",2026,2026-05-11,2026-05-11,Advanced Persistent Threat,group,JavaScript,ci_cd_exploit,credential_theft,true,ci_cd,"credential_theft, self_propagation",,"Security Advisory and Incident Discussion for TanStack Router npm Compromise <https://github.com/TanStack/router/issues/7383>, NPM Supply Chain Compromise Postmortem <https://tanstack.com/blog/npm-supply-chain-compromise-postmortem>, GitHub Advisory GHSA-g7cv-rxg3-hmpx <https://github.com/advisories/GHSA-g7cv-rxg3-hmpx>, Mini Shai-Hulud is Back - A Self-Spreading Supply Chain Attack Hits the npm Ecosystem <https://www.stepsecurity.io/blog/mini-shai-hulud-is-back-a-self-spreading-supply-chain-attack-hits-the-npm-ecosystem>, Shai-Hulud: Here We Go Again <https://research.jfrog.com/post/shai-hulud-here-we-go-again/>, Mini Shai-Hulud Is Back: npm Worm Hits over 160 Packages, including Mistral and Tanstack <https://www.aikido.dev/blog/mini-shai-hulud-is-back-tanstack-compromised>, TanStack npm Packages Compromised in Mini Shai-Hulud Supply Chain Attack <https://socket.dev/blog/tanstack-npm-packages-compromised-mini-shai-hulud-supply-chain-attack>","teampcp-2026, shai-hulud-here-we-go-again",42
mistralai-python,Mistral AI Python SDK backdoored on PyPI,mistralai-python,library,,https://github.com/mistralai/client-python,"The mistralai Python package version 2.4.6 contained an import-time Linux backdoor in src/mistralai/client/__init__.py. The added code downloaded https://83.142.209.194/transformers.pyz with curl -k, saved it to /tmp/transformers.pyz, and executed it as a background Python process when users imported mistralai, guarded only by the MISTRAL_INIT environment variable and silently swallowing errors. JFrog later reported that the remote payload changed from TeamPCP attribution text into a Python credential stealer that harvested local, cloud, Kubernetes, Vault, password-manager, and developer-tooling secrets, exfiltrated encrypted data, and could install pgsql-monitor persistence with destructive second-stage behavior.",,2026,2026-05-12,2026-05-12,Unknown,unknown,Python,compromised_account_credentials,credential_theft,false,distribution,"credential_theft, backdoor",,"https://github.com/mistralai/client-python/issues/523, https://research.jfrog.com/post/shai-hulud-here-we-go-again/","teampcp-2026, shai-hulud-here-we-go-again",1
opensearch-js,OpenSearch npm prereleases compromised,opensearch-js,library,,https://github.com/opensearch-project/opensearch-js,"The Mini Shai-Hulud campaign reached OpenSearch when four prerelease versions of the official @opensearch-project/opensearch npm package were published with malicious payloads. The advisory maps the release window to May 11, 2026 EDT, or May 12 UTC, and recommends immediate removal of affected prereleases. The impact followed the broader worm pattern, with install-time credential theft risk and potential propagation through stolen developer and publishing tokens.",,2026,2026-05-12,2026-05-12,TeamPCP,group,JavaScript,ci_cd_exploit,credential_theft,true,ci_cd,"credential_theft, self_propagation",,"https://seclists.org/oss-sec/2026/q2/510, https://research.jfrog.com/post/shai-hulud-here-we-go-again/, https://socket.dev/blog/tanstack-npm-packages-compromised-mini-shai-hulud-supply-chain-attack","teampcp-2026, shai-hulud-here-we-go-again",1
