id,title,target_name,target_kind,target_website,target_repo,synopsis,story,year,start_date,end_date,actor_name,actor_kind,language,cause,motive,transitive,phase,impact_types,impact_users,references,campaigns,artifact_count
aldus-freehand,Aldus FreeHand disk shipped with MacMag virus.,Aldus FreeHand,application,,,"Master copies of a promotional/training disk for Aldus FreeHand, a commercial graphics program, were infected with the MacMag virus by a contractor before duplication. Aldus unknowingly distributed thousands of infected disks, notably via Macworld magazine, marking an early commercial software supply chain compromise.",,1988,1988-01-01,1988-03-02,Individual Hacker,person,,insider_threat,vandalism_publicity,false,distribution,nuisance,5000,"https://en.wikipedia.org/wiki/MacMag, https://www.techmonitor.ai/technology/the_virus_program_that_caused_aldus_to_recall_thousands_of_copies_of_freehand/, http://all.net/books/virus/SCVirusBook.pdf, https://www.latimes.com/archives/la-xpm-1988-10-21-fi-4552-story.html",,1
microsoft-software-media,Microsoft distribution media shipped with Form virus.,Microsoft Software Media,os_application,https://microsoft.com,,"In 1995, Microsoft acknowledged accidentally distributing software installation floppy disks (reportedly including some for Windows 95 upgrades) infected with the common 'Form' boot sector virus. The infection likely occurred during mass disk duplication. While not destructive, the virus caused audible clicking sounds on infected PCs on the 18th of the month.",,1995,1995-01-01,1995-12-31,Accidental,accidental,,manufacturing_error,not_applicable,false,distribution,nuisance,,"https://grahamcluley.com/ibm-shipping-malware-infected-usb-sticks/, https://www.independent.co.uk/news/business/microsoft-ships-disks-infected-with-computer-virus-1575886.html, https://arstechnica.com/information-technology/2010/08/the-viruses-microsoft-shipped/",,1
ibm-aptiva,IBM Aptiva PCs shipped pre-infected with CIH virus.,IBM Aptiva,hardware,https://ibm.com,,"In early 1999, IBM accidentally shipped several thousand Aptiva consumer PCs pre-installed with the destructive CIH (Chernobyl) file virus. The contamination occurred during manufacturing due to an infected test diskette and outdated antivirus software on a duplication server, shortly before the virus's damaging payload activation date (April 26th).",,1999,1999-03-05,1999-03-17,Accidental,accidental,,manufacturing_error,not_applicable,false,distribution,"data_destruction, hardware_damage_bios_payload",5000,"https://web.archive.org/web/20000818190934/http://www.zdnet.com/zdnn/stories/news/0,4586,2236884,00.html, https://en.wikipedia.org/wiki/CIH_(computer_virus)#Incidents, https://www.f-secure.com/v-descs/cih.shtml",,1
samsung-spf85h-frame-manager,Samsung digital picture frame CD shipped malware,Samsung digital picture frame software CD,physical_media,https://www.samsung.com,,"Samsung's SPF-85H digital picture frame shipped with a Windows driver CD whose Frame Manager XP 1.08 installer carried malware. Reports in late 2008 said the affected CD was distributed with Samsung SPF-85H, SPF-75H, SPF-76H, and SPF-83H models, while the downloadable Frame Manager 1.082 package was clean. Amazon notified customers to uninstall the CD software, install the clean update, and run antivirus cleanup.","The Samsung incident was physical-media supply chain rather than a compromised web download. Customers bought a digital picture frame, inserted the bundled CD, and installed Frame Manager XP 1.08 to connect the device to Windows. The trust came from the box on the shelf and the Samsung-branded installer media.

The infected installer was reported with the Sality family and related detections. Trend Micro described the malware as PE_SALITY.AM on the Samsung Frame Manager XP software, while The Register and SANS ISC relayed Amazon's warning to customers who had received the affected frames. The clean path was to remove the CD-installed software and install Frame Manager 1.082 from Samsung.

Amazon's notice named multiple Samsung frames sold through its store: SPF-85H, SPF-75H, SPF-76H, and SPF-83H. The reports do not establish that every unit or every model shipment carried the infected disc, so this record scopes the artifact to the Frame Manager XP 1.08 installer CD and treats the model list as affected-distribution context.
",2008,2008-12-29,2008-12-29,Unknown,unknown,Windows binary,contaminated_physical_media,malware_distribution,false,distribution,"malware_distribution, system_compromise",,"Samsung digital picture frame CD infected by virus <https://www.theregister.com/security/2008/12/29/samsung-digital-picture-frame-cd-infected-by-virus/976951>, Yet Another Digital Picture Frame Malware Incident <https://www.trendmicro.com/en_us/research/08/l/yet-another-digital-picture-frame-malware-incident.html>, Samsung Digital Picture Frame shipped with Malware <https://isc.sans.edu/diary/5536>, Amazon Warns Customers of Infected Digital Photo Frames <https://www.firewall.cx/index.php?option=com_content&view=article&id=479%3Aamazon-warns-customers-of-infected-digital-photo-frames&catid=65&Itemid=240>",,1
energizer-duo-usb-charger,Energizer DUO charger software installed Arucer backdoor,Energizer DUO USB charger software,desktop_utility,https://www.energizer.com,,"Energizer DUO USB battery charger software for Windows installed a backdoor DLL named Arucer.dll from the official charger-monitoring software path. CERT/CC disclosed the issue on March 5, 2010. The DLL listened on TCP port 7777, could list directories, transfer files, and execute programs, and persisted through a Run key launched by rundll32.exe when the charger software was first used.","Energizer DUO made a small promise: plug a USB battery charger into a Windows PC and watch the charge status. The optional vendor software carried more than that. Its installer placed `UsbCharger.dll` beside the application and `Arucer.dll` into `system32`, then the legitimate charger DLL started the second one through `rundll32.exe`.

The payload was not a stray toolbar or noisy adware. CERT/CC described `Arucer.dll` as a backdoor listening on `7777/tcp`, with commands to list directories, send and receive files, and execute programs under the logged-on user's privileges. If the user allowed the Windows Firewall prompt for ""Run DLL as an App,"" rundll32.exe itself could be added to the firewall exceptions list.

Energizer removed the download site, discontinued sale of the DUO Charger model CHUSB, and told Windows users to uninstall the software and delete the remaining DLL. The Arucer file carried a May 10, 2007 timestamp, but public reporting treated that as a clue, not proof of the full exposure window.
",2010,2010-03-05,2010-03-05,Unknown,unknown,Windows binary,compromised_installer,remote_access,false,distribution,"backdoor, remote_access, data_theft",,"Energizer DUO USB battery charger software allows unauthorized remote system access <https://www.kb.cert.org/vuls/id/154421>, Energizer Duo software suffers backdoor Trojan bother <https://www.theregister.com/2010/03/08/energizer_trojan/>",,1
juniper-screenos,Juniper ScreenOS firmware contained unauthorized backdoors,juniper-screenos,firmware,https://juniper.net,,"Juniper disclosed on December 17, 2015 that unauthorized code had entered official ScreenOS firmware for NetScreen firewalls. One flaw, CVE-2015-7755, let remote SSH or Telnet users obtain administrator access with a hidden password. The other, CVE-2015-7756, weakened VPN encryption so a knowledgeable passive observer could decrypt traffic. The case remains notorious because the same firewall image carried both command access and traffic-surveillance risk.","The Juniper ScreenOS incident was not a normal bug disclosure. Juniper said an internal review found unauthorized code in ScreenOS, the operating system for NetScreen firewalls. The affected firmware was official vendor firmware, distributed through the normal ScreenOS channel, and the product sat directly on network boundaries.

CVE-2015-7755 was the administrative-access backdoor. Rapid7 and Fox-IT analysis found an authentication path in SSH and Telnet that compared the supplied password against the string `<<< %s(un='%s') = %u`. The string looked like a format string, but on vulnerable builds it was a master password: any username could reach an administrative shell with the highest privileges.

CVE-2015-7756 was a separate VPN decryption vulnerability. Juniper described it as independent of the authentication bypass. Researchers tied the weakness to ScreenOS random-number generation and the Dual_EC_DRBG controversy: a changed parameter could let someone who knew the corresponding secret passively decrypt VPN traffic they could capture.

The two issues had different version scopes. Juniper's bulletin gave broad affected ScreenOS ranges, while Rapid7 reported that the authentication backdoor appeared later in the 6.3.0 line and Juniper later confirmed it for 6.3.0r17 through 6.3.0r20. The VPN weakness covered the broader 6.2.0r15 through 6.2.0r18 and 6.3.0r12 through 6.3.0r20 ranges.
",2012,2012-09-01,2015-12-17,Nation-state,state,c,source_code_compromise,espionage,false,source,"backdoor, remote_access, vpn_traffic_decryption",,"2015-12 Out of Cycle Security Bulletin: ScreenOS: Multiple Security issues with ScreenOS <https://supportportal.juniper.net/s/article/2015-12-Out-of-Cycle-Security-Bulletin-ScreenOS-Multiple-Security-issues-with-ScreenOS-CVE-2015-7755-CVE-2015-7756>, CVE-2015-7755: Juniper ScreenOS Authentication Backdoor <https://www.rapid7.com/blog/post/2015/12/20/cve-2015-7755-juniper-screenos-authentication-backdoor/>, TROJAN: Juniper ScreenOS Telnet Backdoor Password Attempt <https://www.juniper.net/us/en/threatlabs/ips-signatures/detail.TROJAN:BACKDOOR:SCREENOS-PWD.html>, Researchers Solve the Juniper Mystery and They Say It's Partially the NSA's Fault <https://www.wired.com/2015/12/researchers-solve-the-juniper-mystery-and-they-say-its-partially-the-nsas-fault/>, Deep dive into CVE-2015-7755 Juniper ScreenOS authentication backdoor <https://blog.fox-it.com/2015/12/20/deepdive-into-cve-2015-7755-juniper-screenos-authentication-backdoor/>, Juniper ScreenOS contains multiple vulnerabilities <https://www.kb.cert.org/vuls/id/640184>",,2
mesa-imaging-acquired-by-heptagon-then-ams-osram,MESA Imaging camera software distributed Havex,"MESA Imaging (Acquired by Heptagon, then ams OSRAM)",application,https://mesa-imaging.ch,,"MESA Imaging, a Swiss developer of 3D Time-of-Flight (ToF) cameras and related software used in industrial applications, was another vendor whose website was compromised during the Dragonfly/Havex campaign. Software installers for its camera products were trojanized with Havex, enabling espionage on systems using specialized imaging equipment. The campaign was later attributed in a U.S. indictment to Russia's FSB Center 16. This record tracks the MESA Imaging product scope specifically.","Havex was not dropped only by phishing mail or drive-by compromise. Dragonfly also turned official industrial software distribution into a delivery system. By compromising ICS and SCADA vendors, the operators made trusted downloads carry the first stage of an intrusion.

MESA Imaging was one of the vendor scopes publicly associated with that supply-chain phase. Its 3D Time-of-Flight camera software belonged to a narrow industrial niche, which made the compromise useful for finding specialized environments rather than broad consumer machines. The poisoned download looked like product support; the payload made it reconnaissance.

The malware installed a backdoor, reached command-and-control infrastructure, gathered credentials and system details, and could use an OPC scanning module to enumerate industrial control devices. According to the DOJ indictment, the wider Dragonfly/Havex operation infected more than 17,000 unique devices in the United States and abroad, including systems used around power and energy operations.

The MESA Imaging entry stays separate from eWON and MB Connect Line because the affected artifacts and vendor distribution paths differ. The campaign attribution is shared, but the package scope is not. The 2013-2014 dates reflect the public trojanized-download window for this artifact group, while the indictment describes earlier supplier-level access in the same broader operation.
",2013,2013-01-01,2014-06-01,FSB Center 16 (Dragonfly/Energetic Bear),state,C++,website_compromise,espionage_data_theft,false,distribution,"backdoor, data_theft, remote_access",,"Havex Hunts For ICS/SCADA Systems <https://www.f-secure.com/documents/996508/1030745/Threat_Intelligence_Report_Havex_an_Energetic_Bear_Targets_ICS_SCADA.pdf>, Wikipedia: Havex <https://en.wikipedia.org/wiki/Havex>, ICS Alert ICS-ALERT-14-176-02A: Ongoing Sophisticated Malware Campaign Compromising ICS <https://www.cisa.gov/news-events/ics-alerts/ics-alert-14-176-02a>, Dragonfly: Cyberespionage Attacks Against Energy Suppliers <https://web.archive.org/web/20190717022917/https://www.symantec.com/content/en/us/enterprise/media/security_response/whitepapers/dragonfly-threat-against-energy-sector-systems.pdf>, US reveals Russian supply-chain attack on energy sector <https://www.theregister.com/security/2022/03/25/us-reveals-russian-supply-chain-attack-on-energy-sector/1444847>, Indictment: United States v. Pavel Aleksandrovich Akulov, Mikhail Mikhailovich Gavrilov, and Marat Valeryevich Tyukov <https://www.justice.gov/archives/opa/press-release/file/1486836/dl?inline=>",,1
ewon-hms-networks,eWON VPN software installer distributed Havex,eWON (HMS Networks),application,https://ewon.biz,,"Belgian ICS vendor eWON (later acquired by HMS Networks), which provides remote connectivity tools for industrial equipment, was targeted during the Dragonfly/Havex campaign attributed to Russia's FSB Center 16. Legitimate eWON installers such as the eCatcher VPN client were made available from the vendor site with Havex malware added. This record tracks the eWON product scope specifically; related Havex vendor compromises are tracked separately.","Dragonfly, also called Energetic Bear, Crouching Yeti, and Berzerk Bear, did not need to invent a new trust path into industrial networks. It used the one engineers already followed. During the Havex phase, the operators compromised ICS and SCADA software providers and placed malware inside legitimate vendor downloads.

eWON was one of the public vendor scopes tied to that activity. Its remote-access tooling, including eCatcher-style VPN software used to reach industrial equipment, was a valuable bridge between ordinary workstations and operational environments. A poisoned installer from the official vendor site could enter a plant as maintenance software, not as an obvious intrusion.

Havex gave the operators a backdoor, contacted command infrastructure, gathered host and credential information, and could deploy an OPC scanning component to look for industrial control devices. The DOJ indictment says the broader campaign put malware on more than 17,000 unique devices in the United States and elsewhere, including systems tied to power and energy operations.

This record keeps the eWON artifacts separate from the other Havex vendor compromises because the package scope is different even when the actor and campaign are the same. The dates here describe the public trojanized-download window reported for this vendor scope; the indictment describes related supplier intrusions beginning earlier.
",2013,2013-01-01,2014-06-01,FSB Center 16 (Dragonfly/Energetic Bear),state,C++,website_compromise,espionage_network_reconnaissance,false,distribution,"backdoor, data_theft, remote_access",,"Motives Behind Havex ICS Malware Campaign Remain a Mystery <https://threatpost.com/motives-behind-havex-ics-malware-campaign-remain-a-mystery/107046/>, Dragonfly: Cyberespionage Attacks Against Energy Suppliers <https://web.archive.org/web/20190717022917/https://www.symantec.com/content/en/us/enterprise/media/security_response/whitepapers/dragonfly-threat-against-energy-sector-systems.pdf>, ICS Alert ICS-ALERT-14-176-02A: Ongoing Sophisticated Malware Campaign Compromising ICS <https://www.cisa.gov/news-events/ics-alerts/ics-alert-14-176-02a>, Havex Hunts For ICS/SCADA Systems <https://www.f-secure.com/documents/996508/1030745/Threat_Intelligence_Report_Havex_an_Energetic_Bear_Targets_ICS_SCADA.pdf>, US reveals Russian supply-chain attack on energy sector <https://www.theregister.com/security/2022/03/25/us-reveals-russian-supply-chain-attack-on-energy-sector/1444847>, Indictment: United States v. Pavel Aleksandrovich Akulov, Mikhail Mikhailovich Gavrilov, and Marat Valeryevich Tyukov <https://www.justice.gov/archives/opa/press-release/file/1486836/dl?inline=>",,1
mb-connect-line,MB Connect Line installer distributed Havex,MB Connect Line,application,https://mbconnectline.com,,"As part of the DragonFly/Energetic Bear campaign, MB Connect Line, a German vendor of industrial routers and remote-access solutions, had official software installers trojanized with the Havex RAT. The campaign, later attributed in a U.S. indictment to Russia's FSB Center 16, used trusted ICS software distribution to reach industrial environments. This record tracks the MB Connect Line product scope specifically; related Havex vendor compromises are tracked separately.","Dragonfly treated industrial software distribution as infrastructure worth owning. In the Havex phase, the group compromised ICS and SCADA vendors, then made altered installers available through the channels customers already trusted. The result was an espionage tool delivered with the shape and timing of ordinary maintenance.

MB Connect Line fit that pattern. Its routers and remote-access utilities sit close to industrial operations, where software such as mbCHECK or mbCONF can be used by engineers and support staff. A poisoned vendor download did not have to cross the plant boundary by force; the customer carried it in as part of normal administration.

Once installed, Havex opened remote access, collected host data and credentials, and could run an OPC-focused discovery module to identify industrial control systems. The DOJ indictment says the broader Dragonfly/Havex operation infected more than 17,000 unique devices worldwide, including equipment connected to power and energy organizations.

The MB Connect Line record is intentionally vendor-scoped. It belongs to the same Dragonfly/Havex campaign as the eWON and MESA Imaging records, but the artifact group, product names, and distribution location are distinct enough to preserve separately. Campaign-wide counts are recorded as campaign context, not as a per-vendor victim count.
",2013,2013-01-01,2014-06-01,FSB Center 16 (Dragonfly/Energetic Bear),state,C++,website_compromise,espionage_network_reconnaissance,false,distribution,"backdoor, data_theft, remote_access",,"Industrial Control Vendors Identified In Dragonfly Attack <https://securityledger.com/2014/07/industrial-control-vendors-identified-in-dragonfly-attack/>, ICS Alert ICS-ALERT-14-176-02A: Ongoing Sophisticated Malware Campaign Compromising ICS <https://www.cisa.gov/news-events/ics-alerts/ics-alert-14-176-02a>, Dragonfly: Cyberespionage Attacks Against Energy Suppliers <https://web.archive.org/web/20190717022917/https://www.symantec.com/content/en/us/enterprise/media/security_response/whitepapers/dragonfly-threat-against-energy-sector-systems.pdf>, Havex Hunts For ICS/SCADA Systems <https://www.f-secure.com/documents/996508/1030745/Threat_Intelligence_Report_Havex_an_Energetic_Bear_Targets_ICS_SCADA.pdf>, US reveals Russian supply-chain attack on energy sector <https://www.theregister.com/security/2022/03/25/us-reveals-russian-supply-chain-attack-on-energy-sector/1444847>, Indictment: United States v. Pavel Aleksandrovich Akulov, Mikhail Mikhailovich Gavrilov, and Marat Valeryevich Tyukov <https://www.justice.gov/archives/opa/press-release/file/1486836/dl?inline=>",,1
gom-player,GOM Player update mechanism abused to deliver malware to Korean targets,gom-player,application,https://gomlab.com,,"In mid-2013, suspected DPRK-aligned actors abused the auto-update mechanism of GOM Player — a popular Korean media player by Gretech — to deliver malware to selected South Korean targets. Compromised at the same broad period as SimDisk and other Korean software supply-chain incidents in the DarkSeoul cluster. The malicious update was served through GOM Player's official update channel and signed/packaged to appear legitimate. Public technical detail is sparser than for SimDisk; the incident is most often referenced in roundups of Korean software-update supply-chain compromises rather than a single canonical writeup.",,2013,2013-07-01,2013-12-31,Nation-state,state,c++,update_infrastructure_compromise,espionage,false,distribution,"backdoor, espionage",,"https://www.symantec.com/connect/blogs/four-years-darkseoul-cyberattacks-against-south-korea-continue-anniversary-korean-war, https://www.welivesecurity.com/2013/07/01/south-korea-malware-watering-hole/",,1
simdisk,SimDisk South Korean cloud storage auto-update delivered DDoS malware,simdisk,application,https://simdisk.co.kr,,"In July 2013, suspected DPRK-aligned actors (the DarkSeoul/Lazarus cluster) abused the auto-update mechanism of SimDisk, a popular South Korean personal cloud-storage client, to push a malicious update to users. The update dropped a DDoS bot used in attacks against South Korean government and media targets timed around the 25 June 2013 anniversary commemoration. The compromise was disclosed by ESET and other Korean AV vendors and is widely attributed to the same actor cluster behind the earlier 20 March 2013 wiper attacks against South Korean banks and broadcasters.",,2013,2013-07-09,2013-07-10,Nation-state,state,c++,update_infrastructure_compromise,disruption,false,distribution,"ddos, backdoor",,"https://blog.avast.com/2013/07/12/simdisk-malware-attack/, https://www.symantec.com/connect/blogs/four-years-darkseoul-cyberattacks-against-south-korea-continue-anniversary-korean-war, https://www.zdnet.com/article/south-korean-cyberattacks-anniversary-of-darkseoul/",,1
buffalo-japan-bankeiya,Buffalo Japan driver downloads distributed Bankeiya,Buffalo Japan download site,distribution_site,https://www.buffalo.jp,,"On May 27, 2014, Buffalo Japan's official download site served ten modified Windows firmware, driver, and utility installers for wireless LAN, NAS, external disk, accelerator, and Bluetooth mouse products. The trojanized installers delivered Infostealer.Bankeiya.B, a Japanese online-banking credential stealer. Buffalo removed the files the same day; Symantec reported 856 downloads from 540 unique IP addresses during the 6:16 to 13:00 Japan-time exposure window.","Buffalo's compromise was narrow in time and broad in product surface. For several hours on May 27, 2014, customers downloading official Windows utilities and drivers from Buffalo Japan could receive modified installers instead of clean vendor software. The affected set crossed routers, wireless LAN tools, NAS firmware, external drive software, and Bluetooth mouse drivers.

The attacker used installer trust as the delivery mechanism. Symantec described two variants: one modified a self-extracting setup archive so a malicious DLL ran during installation and downloaded Infostealer.Bankeiya.B; the other wrapped a legitimate Buffalo installer inside malware made to look like the installer. Either way, the user action was normal: download from the vendor and run setup.

Bankeiya.B targeted Japanese online banking users on Windows XP, Vista, and 7, monitoring browser sessions in Chrome, Firefox, and Internet Explorer. Buffalo told affected users not to use internet banking until their systems were disinfected, and antivirus vendors detected the trojan. The short window limited spread, but the official download itself had been replaced.
",2014,2014-05-27,2014-05-27,Unknown,unknown,Windows binary,vendor_server_compromise,credential_theft,false,distribution,"credential_theft, banking_trojan",540,"Dodgy installer drops Trojan in Japanese Buffalo update <https://www.theregister.com/security/2014/06/04/dodgy-installer-drops-trojan-in-japanese-buffalo-update/961266>, Hackers distribute banking malware through Buffalo site in Japan <https://www.csoonline.com/article/547382/hackers-distribute-banking-malware-through-buffalo-site-in-japan.html>, Buffalo discloses tampered download files and malware infection risk <https://internet.watch.impress.co.jp/docs/news/651306.html>",,1
evlog,Altair EvLog update delivered Kingslayer malware.,EvLog,application,https://altairtech.com,,"Attackers compromised update mechanisms for Altair Technologies' EvLog event log management software. Altered versions, signed with a stolen private key, were distributed containing the 'Kingslayer' malware which provided backdoor access, targeting telecom and military organizations primarily between April and July 2015.",,2015,2015-04-01,2015-07-31,Unknown attacker,unknown,,stolen_certificates_keys,espionage,false,distribution,"backdoor, remote_access, credential_theft",100,"https://web.archive.org/web/20170726040823/https://www.comsecglobal.com/kingslayer-a-supply-chain-attack/, https://securityaffairs.com/58864/cyber-crime/operation-wilysupply-hacking.html",,1
android-triada,Android firmware shipped with preinstalled Triada backdoor,Android OEM firmware supply chain,firmware,https://source.android.com,,"Triada moved from an advanced Android trojan into the firmware supply chain for low-cost Android devices. Public reporting from Dr.Web, Google, and Kaspersky described variants embedded before sale, including a backdoored Android framework log function that could install modules from system context. The impact was deeper than an unwanted app: users received devices whose trusted base image could download payloads, display ads, install software, and survive normal removal.","Triada began as a modular Android trojan that abused root privileges and tried to run inside core Android processes. Later variants moved into firmware images before sale. Users received devices that already contained the malware.

Google and Dr.Web described a preinstalled backdoor variant in which Android framework behavior was modified. The backdoored framework log path could load Triada code from system context, giving the malware privileged access to application installation and ad delivery. The device appeared new, but the base image was already compromised.

The suspected insertion point was not the Android Open Source Project itself. It was the commercial layer where device makers and partners customize firmware images before shipping. A factory reset does not remove malware from the system partition, and ordinary users cannot distinguish a clean build image from a compromised one.

This record keeps the early OEM/firmware-supply-chain Triada cases separate from the 2025 counterfeit-smartphone wave. They share malware lineage and tactics, but the public facts are different: older reports centered on legitimate low-cost device firmware and partner customization, while the later Kaspersky report described fake devices sold through online marketplaces.
",2016,2016-01-20,2019-06-06,Cybercriminal group,group,Android,firmware_supply_chain_compromise,financial_gain_credential_theft_account_takeover,false,manufacturing,"backdoor, rootkit, malware_distribution, credential_theft, fraud",,"Android Security and Privacy 2018 Year in Review <https://source.android.com/static/docs/security/overview/reports/Google_Android_Security_2018_Report_Final.pdf>, Android.Triada.231 comes pre-installed on Android smartphones <https://news.drweb.com/show/?i=10451>, Triada - a Trojan pre-installed on Android smartphones out of the box <https://www.kaspersky.com/blog/trojan-in-fake-smartphones/53331/>",,1
adups,Adups firmware update component spied on users.,Adups,firmware,,,"Firmware-Over-The-Air (FOTA) update software from Shanghai Adups Technology Co., pre-installed by various OEMs on millions of Android devices (including budget US models like BLU), covertly collected and transmitted extensive PII (texts, call logs, contacts, location, app usage) to servers in China without user consent. Adups claimed this was designed for Chinese manufacturers and mistakenly included on international devices.",,2016,2016-07-12,2016-11-16,Commercial company,company,,vendor_deliberate_inclusion,data_collection,false,dependency,"spyware, data_theft",700000000,"https://thehackernews.com/2016/11/hacking-android-smartphone.html, https://android.gadgethacks.com/news/these-android-phones-could-be-affected-by-adups-chinese-spyware-0175014/, https://www.us-cert.gov/ncas/alerts/TA16-336A, https://www.phonescoop.com/articles/article.php?a=17865, https://www.bluproducts.com/news/2017-blu-privacy.html",,1
stylish,Stylish browser extension exfiltrated browsing history,stylish,extension,,,"After SimilarWeb acquired Stylish (Chrome version in January 2017, Firefox version in March 2018), official store updates began silently exfiltrating users' complete browsing history — full URLs, Google search results, and unique tracking identifiers tied to user accounts — to api.userstyles.org. Robert Heaton publicly disclosed the behaviour on 2018-07-02 after observing the requests; Mozilla and Google removed the extension from their stores within two days. The exfiltrated data included sensitive URLs such as password reset tokens and medical record links.",,2017,2017-01-01,2018-07-04,New owner,maintainer,javascript,acquisition,data_collection,false,distribution,"browsing_history_exfiltration, tracking",2000000,"https://robertheaton.com/2018/07/02/stylish-browser-extension-steals-your-internet-history/, https://www.theregister.com/2018/07/05/stylish_browser_extension_dropped/, https://www.bleepingcomputer.com/news/security/stylish-firefox-and-chrome-extension-banned-for-tracking-browsing-history/",,1
ccleaner,CCleaner distributed with multi-stage backdoor,CCleaner,application,https://piriform.com,,"Attackers compromised Piriform's build environment and inserted a backdoor into official CCleaner releases before Avast completed the acquisition. More than two million users received the first-stage telemetry collector, while a much narrower second stage pursued high-value technology companies. The incident showed how consumer utility software could become a precision espionage filter.","The CCleaner compromise began before the public software update. Avast later found that attackers first entered Piriform's network on March 11, 2017, using TeamViewer on an unattended developer workstation. The single successful sign-in suggested the attacker already had valid credentials. Initial DLL drops failed without admin rights; the third attempt used VBScript and succeeded.

On March 12, the actor moved to a second unattended computer and opened a backdoor through Windows Remote Desktop. In April, a customized ShadowPad payload appeared inside Piriform as `mscoree.dll`, including on a build server. Avast found no proof that this ShadowPad stage was later delivered to the 40 selected CCleaner victims, but it showed the attacker had months of internal access before the customer-facing payload shipped.

The delivery was the official CCleaner installer. On August 2, attackers replaced the normal build path with a backdoored CCleaner release, and version 5.33.6162 was later downloaded by roughly 2.27 million users. The first stage collected system information and contacted command-and-control, acting less like broad ransomware and more like a filter for targets worth a second step.

The second stage went to 40 computers at major technology and telecommunications companies. Cisco Talos detected the malicious official download on September 13 and notified Avast; with FBI help, Avast took down the command-and-control server within three days. The lasting lesson was bleak and simple: a free utility with a trusted update path can become an intelligence platform if its build chain is owned.
",2017,2017-03-11,2017-09-12,Nation-state,state,,build_system_compromise,espionage,false,ci_cd,"backdoor, data_theft, remote_access_targeted_second_stage",2270000,"CCleaner incident report - now and then <https://blog.avast.com/ccleaner-incident-report-now-and-then-avast>, Recent findings from CCleaner APT investigation reveal that attackers entered the Piriform network via TeamViewer <https://blog.avast.com/update-ccleaner-attackers-entered-via-teamviewer>, CCleaner Command and Control Causes Concern <https://blogs.cisco.com/talos/ccleaner-c2-goes-down>, Talos Intelligence: CCleaner Command and Control <https://www.talosintelligence.com/reports/TALOS-2017-0481>, CCleaner Attack Timeline - Here's How Hackers Infected 2.3 Million PCs <https://thehackernews.com/2018/04/ccleaner-malware-attack.html>",,3
medoc,MeDoc updates distributed NotPetya ransomware,MeDoc,application,https://medoc.ua,,"The update mechanism for MeDoc, a widely used Ukrainian accounting package, was compromised and used to distribute NotPetya. What looked like ransomware operated as a destructive wiper, escaping its initial target set and crippling shipping, pharmaceuticals, logistics, and public services worldwide. A local tax-software update became one of the costliest cyber disruptions on record.","NotPetya entered through accounting software. Attackers compromised Intellect Service, the maker of M.E.Doc, a tax-reporting product widely used by Ukrainian businesses. Columbia's case study describes M.E.Doc as required or common enough to sit inside much of Ukraine's commercial infrastructure, making the vendor's update channel a practical route into companies that needed to file taxes.

The delivery was a poisoned software update. Customers who trusted the MeDoc updater received code that launched NotPetya on June 27, 2017. The malware presented a ransom note, but the payment path was theater: the disk damage was not reliably reversible. The mechanism was destructive first and extortionate only in appearance.

Once inside a network, NotPetya used credential theft and Windows lateral-movement tools to spread with speed. EternalBlue reached vulnerable SMB systems, while Mimikatz-style credential theft let the malware move even where EternalBlue alone was not enough. This made flat Windows networks, old operating systems, and weak segmentation fail at machine speed.

The impact escaped Ukraine. Maersk was hit through a machine in Odessa and saw ports, booking systems, PCs, and domain controllers fail across its global network; Columbia describes 17 of 76 ports affected and a rebuild of roughly 4,000 servers and 45,000 PCs. The White House later assessed total damages at about $10 billion, with Maersk, FedEx/TNT, Mondelēz, Merck, and others reporting nine-figure losses.
",2017,2017-04-01,2017-06-27,Nation-state,state,,build_server_compromise,data_destruction_disruption_espionage_initial_backdoor,false,distribution,"ransomware_wiper, data_destruction, denial_of_service",400000,"The Untold Story of NotPetya, the Most Devastating Cyberattack in History <https://www.wired.com/story/notpetya-cyberattack-ukraine-russia-code-crashed-the-world/>, CISA Alert TA17-181A: Petya Ransomware <https://www.cisa.gov/news-events/alerts/2017/07/01/petya-ransomware>, US-CERT Alert TA17-181A: Petya Ransomware <https://www.us-cert.gov/ncas/alerts/TA17-181A>, ESET: The connection between the TeleBots group and the current M.E.Doc situation <https://www.welivesecurity.com/2017/07/04/connection-telebots-past-attacks-current-medoc-situation/>, NotPetya: A Columbia University Case Study <https://www.sipa.columbia.edu/sites/default/files/2022-11/NotPetya%20Final.pdf>",,1
ultraedit,UltraEdit update mechanism abused in Operation WilySupply,ultraedit,application,https://ultraedit.com,,"Microsoft disclosed WilySupply on 2017-05-04, describing a targeted supply-chain attack that abused an unnamed editor's auto-update channel to deliver a tiny ue.exe dropper to roughly 25 finance and payments organizations. The vendor was not named, but community evidence points most strongly to UltraEdit; that attribution remains circumstantial.",,2017,2017-04-13,2017-04-14,Unknown attacker,unknown,c++,update_infrastructure_compromise,espionage,false,distribution,"backdoor, remote_access",25,"https://www.microsoft.com/en-us/security/blog/2017/05/04/windows-defender-atp-thwarts-operation-wilysupply-software-supply-chain-cyberattack/, https://www.theregister.com/2017/05/04/microsoft_unsupply_chain_attack/, https://www.bleepingcomputer.com/news/security/microsoft-stops-targeted-malware-attack-distributed-via-software-supply-chain/",,1
ask-partner-network,Ask Partner Network update channel delivered fileless malware,ask-partner-network,application,https://apn.ask.com,,"Carbon Black and Red Canary disclosed in late 2017 that the Ask Partner Network (APN) — the update infrastructure behind the Ask.com Toolbar bundled with many freeware installers — was abused to push a multi-stage fileless malware loader through its official update channel. Endpoints with the Ask Toolbar installed received the malicious update via the trusted updater process, complicating detection. The campaign was characterized as targeted, with downstream payloads tailored to specific organizations rather than mass cryptojacking. APN/IAC pushed a clean update after notification.",,2017,2017-06-01,2017-11-30,Unknown attacker,unknown,c++,update_infrastructure_compromise,espionage,true,distribution,"backdoor, remote_access",,"https://redcanary.com/blog/ask-partner-network-supply-chain-attack/, https://www.bleepingcomputer.com/news/security/ask-partner-network-blamed-for-supplying-malware-to-millions-of-pcs/",,1
netsarang,NetSarang server tools shipped with ShadowPad backdoor.,NetSarang,application,https://netsarang.com,,"Legitimate updates for NetSarang's popular server management software (Xmanager, Xshell, etc.) were compromised to include the ShadowPad backdoor. This allowed attackers to potentially control and exfiltrate data from infected systems in highly sensitive organizations worldwide. The backdoor was discovered after being active for a short period.",,2017,2017-07-18,2017-08-04,Nation-state,state,,build_system_compromise,espionage,false,ci_cd,backdoor,10000,"https://securelist.com/shadowpad-in-corporate-networks/79953/, https://www.kaspersky.com/about/press-releases/2017_shadowpad-how-attackers-hide-backdoor-in-software-used-by-hundreds-of-large-companies-around-the-world, https://www.cyber.gc.ca/en/alerts/software-compromised-backdoor-trojan-0",,5
web-developer-chrome,Chrome extension developer accounts hijacked via phishing,web-developer-chrome,extension,,,"A coordinated phishing campaign impersonating the Chrome Web Store team tricked extension developers into surrendering credentials via fake Google login pages on Freshdesk and bit.ly URLs. The hijacked accounts were used to publish malicious updates that injected adware and overlaid ads on visited pages. Confirmed compromised extensions include Copyfish (2017-07-28), Web Developer (2017-08-01, ~1M users), Chrometana, Infinity New Tab, Web Paint, Social Fixer, TouchVPN, and Betternet. All malicious updates were delivered through the official Chrome Web Store.",,2017,2017-07-28,2017-08-15,Cybercriminal,group,javascript,phishing,financial_gain,false,distribution,"adware, ad_fraud",1500000,"https://www.bleepingcomputer.com/news/security/chrome-extension-developers-under-a-barrage-of-phishing-attacks/, https://a9t9.com/blog/chrome-extension-adware/, https://www.proofpoint.com/us/threat-insight/post/threat-actor-goes-chrome-extension-hijacking-spree",,6
eltima-elmedia-player-folx,Eltima installers bundled Proton RAT.,Eltima Elmedia Player/Folx,application,https://mac.eltima.com,,"Eltima Software download servers were compromised, and macOS installers for Elmedia Player and Folx were bundled with the Proton RAT. Users seeking media and download utilities from the official site received remote-access malware folded into otherwise familiar application packages for macOS.",,2017,2017-10-19,2017-10-20,Cybercriminal Gang,group,Swift,server_compromise,financial_gain_data_theft,false,distribution,"backdoor, remote_access, credential_theft",,"https://www.bleepingcomputer.com/news/apple/eltima-website-hacked-to-spread-proton-rat-with-popular-video-player-app/, https://www.welivesecurity.com/2017/10/21/osxproton-supply-chain-attack-elmedia-player-folx/, https://web.archive.org/web/20171020215730/https://blog.eltima.com/security-breach-eltima-Oct-2017/, https://www.vice.com/en/article/elmedia-player-malware-hack-mac-trojan/",,2
point-blank,Point Blank game executable backdoored via supply chain,Point Blank,game,,,"Linked to the ShadowHammer/BARIUM APT group (also involved in the ASUS attack), the executable for the online game Point Blank was reportedly recompiled with malicious code sometime before 2019. This supply chain compromise likely aimed to collect system information from players. The compromised executables were signed with legitimate digital certificates. This record tracks Point Blank specifically; related ShadowHammer game and ASUS compromises are tracked separately.",,2018,2018-01-01,2019-03-11,"BARIUM (APT17, Axiom, Deputy Dog)",state,,build_system_compromise,espionage,false,ci_cd,data_theft,,"https://malwaretips.com/threads/point-blank-gamers-targeted-with-backdoor-malware.92107/, https://threatpost.com/gamers-pointblank-backdoor-malware/144088/, https://securelist.com/operation-shadowhammer/89083/, https://www.bankinfosecurity.com/shadowhammer-spreads-across-online-gaming-supply-chain-a-12409, https://www.welivesecurity.com/2019/03/11/gaming-industry-scope-attackers-asia/",,1
kmplayer,KMPlayer installer/updates distributed malware.,KMPlayer,application,https://kmplayer.com,,"KMPlayer, a freeware media player, reportedly distributed unwanted software, adware, or potentially more malicious payloads through some installer and update channels. Users who expected a media player instead encountered bundled programs and advertisements, a gray-zone supply chain where monetization blurred into unwanted execution.",,2018,2018-01-01,2018-12-31,Adware bundlers,company,Various,bundled_software,financial_gain,false,distribution,"adware, potentially_unwanted_programs_pups",,"https://www.ghacks.net/2018/02/05/kmplayer-serves-adware/, https://www.reddit.com/r/software/comments/c1x1lz/kmplayer_now_has_malwarecryptominer/",,1
inbenta,"Inbenta chatbot script compromised, hit Ticketmaster.",Inbenta,library,,,"A third-party chatbot script provided by Inbenta Technologies to Ticketmaster UK (and potentially others) was compromised by attackers (Magecart group). Malicious JavaScript skimming code was injected into the legitimate script, allowing theft of payment card details and PII from users on Ticketmaster's payment pages where the widget was active.",,2018,2018-02-10,2018-06-23,Cybercriminal group,group,,vendor_compromise,financial_gain,false,distribution,"skimming, data_theft, credential_theft",40000,"https://www.wired.co.uk/article/ticketmaster-hack-inbenta-security-breach, https://thehackernews.com/2018/06/ticketmaster-data-breach.html, https://www.bankinfosecurity.com/ticketmaster-fined-17-million-for-data-security-failures-a-15369, https://datadome.co/learning-center/magecart-attacks/",,1
browsealoud,Browsealoud accessibility script delivered Coinhive miner,browsealoud,library,https://browsealoud.com,,"On 2018-02-11 between 03:00 and 11:45 UTC, the official `ba.js` JavaScript file served from Texthelp's Browsealoud CDN was modified to embed an obfuscated Coinhive Monero miner that ran in visitors' browsers. Browsealoud is a text-to-speech and accessibility plugin embedded by ~4,200 websites worldwide; affected sites included the UK Information Commissioner's Office, NHS services, numerous .gov.uk and .gov.au domains, the US federal courts (uscourts.gov), and City University of New York. Texthelp's automated security tests detected the modified file and the service was disabled at 16:00 UTC; total exposure ~8 hours 45 minutes.",,2018,2018-02-11,2018-02-11,Cybercriminal,group,javascript,website_compromise,cryptojacking,true,distribution,cryptojacking,4275,"https://www.ncsc.gov.uk/guidance/ncsc-advice-malicious-software-used-illegally-mine-cryptocurrency, https://www.theregister.com/2018/02/11/browsealoud_compromised_coinhive/, https://www.bleepingcomputer.com/news/security/uk-government-websites-us-courts-system-mass-compromised-to-mine-cryptocurrency/, https://scotthelme.co.uk/protect-site-from-cryptojacking-csp-sri/",,1
mediaget,MediaGet P2P client update channel delivered Dofoil cryptominer,mediaget,application,https://mediaget.com,,"MediaGet's official update flow was compromised in March 2018, replacing the signed updater with a functionally similar trojanized binary. The dropper used a stolen DEVELTEC certificate and delivered Dofoil/Smoke Loader cryptomining at scale, with more than 400,000 infections in 12 hours, process hollowing into explorer.exe, and Namecoin-based C2.",,2018,2018-02-15,2018-03-07,Cybercriminal,group,c++,update_infrastructure_compromise,cryptojacking,false,distribution,"cryptojacking, backdoor",400000,"https://www.microsoft.com/en-us/security/blog/2018/03/13/poisoned-peer-to-peer-app-kicked-off-dofoil-coin-miner-outbreak/, https://www.microsoft.com/en-us/security/blog/2018/03/07/behavior-monitoring-combined-with-machine-learning-spoils-a-massive-dofoil-coin-mining-campaign/, https://www.bleepingcomputer.com/news/security/microsoft-mediaget-update-server-poisoned-to-spread-dofoil-trojan/",,1
asus-live-update,ASUS Live Update delivered targeted backdoors.,ASUS Live Update,application,https://asus.com,,"Attackers compromised ASUS Live Update servers and signed trojanized utility builds with stolen digital certificates. The first stage reached a broad population, but its second-stage logic was selective, checking MAC addresses against a target list before installing deeper backdoors on chosen machines.",,2018,2018-06-01,2018-11-01,Nation-state,state,,update_server_compromise_stolen_certificates,espionage_highly_targeted,false,distribution,"backdoor, remote_access",57000,"https://securelist.com/operation-shadowhammer/89992/, https://securelist.com/operation-shadowhammer-a-high-profile-supply-chain-attack/90380/, https://mauronz.github.io/shadowhammer-backdoor/, https://www.vice.com/en/article/hackers-hijacked-asus-software-updates-to-install-backdoors-on-thousands-of-computers/, https://www.vice.com/en/article/pan9wn/hackers-hijacked-asus-software-updates-to-install-backdoors-on-thousands-of-computers, https://www.asus.com/news/asus-response-to-the-recent-media-reports-regarding-asus-live-update-tool-attack-by-advanced-persistent-threat-apt-groups/",,1
infestation-survivor-stories-fka-the-war-z,Infestation: Survivor Stories game executable backdoored via supply chain,Infestation: Survivor Stories (fka The War Z),game,,,"Linked to the ShadowHammer/BARIUM APT group (also involved in the ASUS attack), the executable for the online game Infestation: Survivor Stories (formerly The War Z) was reportedly recompiled with malicious code sometime between June and November 2018. This supply chain compromise aimed to surgically target users by their MAC addresses to collect system information. The compromised executables were signed with legitimate digital certificates. This record tracks Infestation: Survivor Stories specifically; related ShadowHammer game and ASUS compromises are tracked separately.",,2018,2018-06-01,2018-11-30,"BARIUM (APT17, Axiom, Deputy Dog, Winnti group)",state,,build_system_compromise_attackers_had_access_to_source_code_or_injected_malware_during_compilation_leaked_source_code_and_vulnerable_production_servers_also_implicated,espionage,false,ci_cd,data_theft,,"https://www.bankinfosecurity.com/shadowhammer-spreads-across-online-gaming-supply-chain-a-12409, https://securelist.com/operation-shadowhammer/89083/, https://www.reddit.com/r/pcgaming/comments/bh22hd/infestation_survivor_stories_backdoored_with/",,1
pdfescape,PDFescape Desktop installer trojanized to drop redirector,pdfescape,application,https://pdfescape.com,,"Minerva Labs and Malwarebytes disclosed in July 2018 that the official PDFescape Desktop installer distributed from the vendor's website was modified to side-load a malicious DLL that ran when the legitimate installer executed. The malicious component acted as a redirector / loader, using the trusted installer process to evade detection. The trojanized installer was signed and offered through PDFescape's normal download channel until the vendor was notified and pulled it.",,2018,2018-07-01,2018-07-31,Unknown attacker,unknown,c++,website_compromise,unknown,false,distribution,"backdoor, redirector",,"https://www.malwarebytes.com/blog/threat-analysis/2018/07/pdfescape-installer-found-distributing-redirector-files, https://www.bleepingcomputer.com/news/security/pdfescape-software-found-to-deliver-malicious-redirector-files/",,1
british-airways-via-modernizr-script,British Airways breached via modified script.,British Airways (via Modernizr script),library,https://ba.com,,"British Airways' website was compromised by attackers who modified a JavaScript library, Modernizr, that was loaded on their payment pages. This malicious script captured and exfiltrated customer names, addresses, payment card details, and login credentials. While Modernizr is an open-source library, its modification on BA's site as part of their supplied code to users represents a compromise of a component in their web delivery supply chain.",,2018,2018-08-21,2018-09-05,Cybercriminal Gang,group,JavaScript,website_compromise,financial_gain,false,distribution,"credential_theft, data_theft",380000,"https://www.riskiq.com/blog/labs/magecart-british-airways-breach/, https://ico.org.uk/about-the-ico/media-centre/news-and-blogs/2020/10/ico-fines-british-airways-20m-for-data-breach-affecting-more-than-400-000-customers/",,1
feedify,Feedify push notification script compromised.,Feedify,script,https://feedify.net,,"Feedify, a push notification service provider, had its JavaScript library compromised. Attackers injected malicious code into the script served to Feedify's customers. This skimmer code was then loaded on the websites of numerous businesses using Feedify, attempting to steal payment card details from their end-users.",,2018,2018-09-01,2018-11-01,Cybercriminal Gang,group,JavaScript,compromised_third_party_script,financial_gain,true,dependency,"credential_theft, data_theft",4000,"https://web.archive.org/web/20181110000000/https://blog.sucuri.net/2018/11/feedify-compromised-push-notifications-used-to-load-card-skimmer.html, https://web.archive.org/web/20181120000000/https://www.riskiq.com/blog/labs/magecart-feedify/",,1
mega-chrome,MEGA Chrome extension trojanized via developer account compromise,mega-chrome,extension,,,"On 2018-09-04 at 14:30 UTC, attackers compromised MEGA's Chrome Web Store developer account and published v3.39.4 of the official MEGA extension with credential-stealing code added to it. The trojanized extension intercepted POST requests containing common login field names and exfiltrated credentials for Amazon, GitHub, Google, and Microsoft, plus private keys for MyEtherWallet and MyMonero and credentials for the Idex.market exchange, sending data to megaopac.host (176.119.1.146, Ukraine). Google removed the extension at 19:19 UTC; the malicious version was live for approximately 4 hours. Clean v3.39.5 was published shortly after.",,2018,2018-09-04,2018-09-04,Unknown attacker,unknown,javascript,compromised_developer_account,credential_theft_cryptocurrency_theft,false,distribution,"credential_theft, cryptocurrency_theft",1600000,"https://serhack.me/articles/mega-chrome-extension-hacked/, https://securityboulevard.com/2018/09/hackers-replace-mega-chrome-extension-with-trojanized-version/, https://www.bleepingcomputer.com/news/security/mega-chrome-extension-hacked-cryptocurrency-and-user-passwords-targeted/",,1
copay,Event-stream dependency compromised Copay wallet,Copay,application,https://copay.io,https://github.com/bitpay/copay,"The Copay Bitcoin wallet was pulled into the event-stream compromise through a malicious npm dependency. The injected code specifically recognized Copay workflows and attempted to steal wallet secrets, making a transitive JavaScript library the narrow blade against cryptocurrency users and their funds.",,2018,2018-09-09,2018-11-26,Individual Hacker,person,JavaScript,compromised_dependency,financial_gain,true,dependency,cryptocurrency_theft,1000000,"https://bitpay.com/blog/statement-on-compromised-copay-resources/, https://medium.com/coinmonks/the-anatomy-of-a-supply-chain-attack-on-the-javascript-ecosystem-ee650cd8740",,1
vsdc-video-editor,VSDC download portal compromised,VSDC Video Editor,application,https://videosoftdev.com,,"The official VSDC Video Editor website was compromised multiple times, and attackers replaced legitimate download links with trojanized installers carrying banking malware. The public source trail has thinned over time, but the pattern remains clear as a trusted media tool became a rotating delivery point.",,2018,2018-11-01,2019-07-31,Cybercriminal,group,C++,website_compromise,financial_gain,false,distribution,banking_trojan,565000,,,1
statcounter,StatCounter analytics tag hijacked to steal gate.io withdrawals,statcounter,library,https://statcounter.com,,"ESET disclosed on 2018-11-06 that attackers had injected malicious JavaScript into the official StatCounter tracking script `www.statcounter.com/counter/counter.js` on 2018-11-03, served to roughly 2 million sites embedding StatCounter analytics. Conditional code triggered only on URI paths matching `myaccount/withdraw/BTC` — i.e. the gate.io cryptocurrency exchange's BTC withdrawal page — and pulled a second stage from the lookalike `statconuter.com/c.php`. The payload silently rewrote the destination wallet on Bitcoin withdrawals to attacker-controlled `1JrFLmGVk1ho1UcMPq1WYirHptcCYr2jad`, capping at the user's daily withdrawal limit. Gate.io stopped using StatCounter on 2018-11-06 and StatCounter removed the script the same day.",,2018,2018-11-03,2018-11-06,Unknown attacker,unknown,javascript,website_compromise,cryptocurrency_theft,true,distribution,cryptocurrency_theft,2000000,"https://www.welivesecurity.com/2018/11/06/supply-chain-attack-cryptocurrency-exchange-gate-io/, https://www.bleepingcomputer.com/news/security/statcounter-analytics-platform-hacked-to-steal-bitcoin-from-gateio-users/, https://thehackernews.com/2018/11/statcounter-cryptocurrency-hack.html",,1
magento-extensions,Magento extensions backdoored in coordinated supply chain attack.,Magento Extensions,library,,,"Servers of multiple Magento extension vendors (including Tigren, Meetanshi, MGS) were compromised. Attackers injected PHP backdoors into at least 21 popular commercial extensions. The backdoors, some dormant for years but activated in 2025, allowed remote code execution on e-commerce stores using the compromised extensions.",,2019,2019-01-01,2025-04-20,Unknown,unknown,,vendor_server_compromise,remote_access,false,distribution,"backdoor, remote_access, data_theft_potential",1000,"https://www.bleepingcomputer.com/news/security/magento-supply-chain-attack-compromises-hundreds-of-e-stores/, https://sansec.io/research/magento-supply-chain-attack-vendor-extensions, https://gbhackers.com/hackers-exploit-21-apps-to-take-full-control/",,1
picreel-via-pop-up-script,Picreel pop-up script delivered skimmer.,Picreel (via pop-up script),script,https://picreel.com,,"Picreel, a service for conversion tools such as exit pop-ups, had its hosted JavaScript compromised. Attackers modified the script served to customer sites and injected a credit card skimmer, turning a marketing widget into payment-card theft wherever clients embedded it.",,2019,2019-01-01,2019-05-01,Cybercriminal Gang,group,JavaScript,compromised_third_party_script,financial_gain,true,dependency,"credential_theft, data_theft",,"https://medium.com/sanguine-security-labs/popular-analytics-service-picreel-hacked-to-skim-credit-cards-f88b39905502 # Original Sanguine Labs (Sansec) analysis (Link confirmed dead, needs alternative), https://www.bleepingcomputer.com/news/security/picreel-conversion-platform-hacked-to-steal-credit-cards/ # BleepingComputer report (Link confirmed dead, needs alternative)",,1
solarwinds-orion,SolarWinds Orion updates delivered widespread backdoors,SolarWinds Orion,application,https://solarwinds.com,,"Attackers compromised SolarWinds' build system and inserted the Sunburst backdoor into signed Orion platform updates, reaching roughly 18,000 customers through trusted software. The operation opened access into U.S. federal agencies, security firms, and major enterprises, becoming one of the defining modern supply-chain intrusions. Supernova appeared as a related secondary backdoor in the same operational orbit.","SolarWinds was a build-system compromise with enterprise reach. Attackers placed SUNBURST into `SolarWinds.Orion.Core.BusinessLayer.dll`, a component shipped inside Orion Platform updates. The resulting packages were digitally signed and distributed through SolarWinds' normal update channel, so customers received attacker code through the path they were supposed to trust.

The delivery mattered as much as the malware. Orion was deployed by large companies, telecommunications providers, accounting firms, universities, the U.S. military, federal agencies, and security vendors. CSO reported that SolarWinds' own customer list included hundreds of Fortune 500 and government customers before the company removed the page. A single poisoned vendor update gave the actor a menu of targets.

SUNBURST waited before calling out, blended traffic into the Orion Improvement Program pattern, stored reconnaissance in legitimate configuration files, and checked for forensic and anti-virus tools. Follow-on activity was selective and manual. FireEye described file replacement, scheduled-task manipulation, credential theft, lateral movement, and in-memory deployment of TEARDROP and Cobalt Strike on chosen networks.

The impact was not only the 18,000 customers who received infected updates. The larger failure was architectural trust: monitoring software often has broad network visibility and high privilege, yet few organizations modeled what would happen if that trusted server became hostile. CISA issued emergency direction, SolarWinds released clean hotfixes, and the industry had to treat software update channels as first-class attack surfaces.
",2019,2019-09-04,2020-12-14,Nation-state,state,C#,build_system_compromise,espionage_data_theft,false,ci_cd,"backdoor, remote_access, data_theft",18000,"CISA Alert AA20-352A: Advanced Persistent Threat Compromise of Government Agencies, Critical Infrastructure, and Private Sector Organizations <https://www.cisa.gov/news-events/cybersecurity-advisories/aa20-352a>, SUNBURST Additional Technical Details <https://www.mandiant.com/resources/blog/sunburst-additional-technical-details>, Analyzing Solorigate, the compromised DLL file that started a sophisticated cyberattack <https://www.microsoft.com/en-us/security/blog/2020/12/18/analyzing-solorigate-the-compromised-dll-file-that-started-a-sophisticated-cyberattack/>, SolarWinds attack explained - And why it was so hard to detect <https://www.csoonline.com/article/570191/solarwinds-supply-chain-attack-explained-why-organizations-were-not-prepared.html>",,4
volusion-via-google-cloud-storage-script,Volusion e-commerce sites skimmed via script.,Volusion (via Google Cloud Storage script),script,,,"Over 29,500 e-commerce websites hosted on the Volusion platform were compromised when a malicious JavaScript file (volusion.js), hosted on a Google Cloud Storage bucket (storage.googleapis.com/volusionapi/resources/) used by Volusion, was modified. This script skimmed credit card information, exfiltrating it to gogogolo.com.",,2019,2019-10-07,2019-10-09,Cybercriminal Gang,group,JavaScript,cloud_storage_compromise,financial_gain,true,distribution,"credential_theft, data_theft",29500,https://blog.trendmicro.com/trendlabs-security-intelligence/volusion-platform-compromised-by-magecart-attackers-to-skim-credit-card-details/,,1
freedownloadmanager,FreeDownloadManager site served backdoored Linux version.,FreeDownloadManager,application,https://freedownloadmanager.org,,"The official FreeDownloadManager website was compromised and intermittently redirected Linux users to a domain serving a trojanized Debian package. The malicious package installed a backdoor and infostealer aimed at passwords, crypto wallets, and cloud credentials, turning selective redirects into quiet compromise.",,2020,2020-01-24,2022-01-01,Cybercriminal group,group,shell,website_compromise,financial_gain_data_theft,false,distribution,"backdoor, credential_theft, data_theft",10000,"https://securelist.com/backdoored-free-download-manager-linux-malware/110465/, https://thehackernews.com/2023/09/free-download-manager-site-compromised.html, https://www.bleepingcomputer.com/news/security/free-download-manager-website-hacked-to-spread-linux-malware/, https://www.freedownloadmanager.org/blog/fdm-vulnerability-disclosure/",,1
aisino,Chinese tax software installed GoldenSpy backdoor.,Aisino,application,https://i-xinnuo.com,,"Intelligent Tax software, produced by Aisino Corporation and required by some Chinese banks for companies operating in China, was found to install the GoldenSpy backdoor. This malware provided extensive remote access and control capabilities, including command execution and data exfiltration, with a delayed installation to evade detection.",,2020,2020-04-01,2020-06-28,Nation-state,state,,vendor_compromise,espionage_data_theft,false,source,backdoor,1000,"https://www.zdnet.com/article/chinese-bank-forced-western-companies-to-install-malware-laced-tax-software/, https://attack.mitre.org/software/S0493/, https://www.trustwave.com/en-us/resources/blogs/spiderlabs-blog/goldenspy-whos-really-pulling-the-strings/, https://www.crowdstrike.com/blog/goldenspy-supply-chain-attack-hits-organizations-operating-in-china/",,1
twilio-taskrouter-js-sdk,Twilio SDK hosted on S3 delivered malicious code.,Twilio TaskRouter JS SDK,library,https://twiliocdn.com,,"An improperly configured AWS S3 bucket allowed attackers to modify version 1.20 of Twilio's TaskRouter JavaScript SDK hosted for public use. For several hours, websites loading the SDK directly from Twilio's CDN received code modified with malicious script, likely part of a Magecart-related malvertising or skimming campaign.",,2020,2020-07-19T20:12:00Z,2020-07-20T05:30:00Z,Cybercriminal group,group,,cloud_storage_misconfiguration,financial_gain,false,distribution,"malvertising, skimming_potential",,"https://www.twilio.com/en-us/blog/incident-report-taskrouter-js-sdk-july-2020, https://www.theregister.com/2020/07/21/twilio_javascript_sdk_code_injection/, https://www.scworld.com/news/misconfigured-s3-exposes-twilio-users-to-magecart-attack/, https://www.securityhq.com/blog/security-101-compromised-aws-s3-buckets/",,1
vgca,Vietnam Government Certificate Authority website served backdoored installers,vgca,application,https://ca.gov.vn,,"ESET disclosed Operation SignSight on 2020-12-17 — between 2020-07-23 and 2020-08-16, attackers compromised the Vietnam Government Certification Authority's website (ca.gov.vn) and replaced the official `gca01-client-v2-x32-8.3.msi` and `gca01-client-v2-x64-8.3.msi` digital-signature toolkit installers with trojanized versions. The malicious MSIs ran the legitimate signing client while side-loading PhantomNet (a.k.a. Smanager), a modular backdoor compiled 2020-04-26, that beaconed to `vgca.homeunix.org` and `office365.blogdns.com`. The trojanized installers carried the same SafeNet certificate as the legitimate ones. ESET noted tooling similarities to TA428.",,2020,2020-07-23,2020-08-16,Nation-state,state,c++,website_compromise,espionage,false,distribution,"backdoor, espionage",,"https://www.welivesecurity.com/2020/12/17/operation-signsight-supply-chain-attack-southeast-asia/, https://www.eset.com/sg/about/newsroom/press-releases1/announcements/eset-discovers-operation-signsight-supply-chain-attack/, https://www.zdnet.com/article/vietnam-targeted-in-complex-supply-chain-attack/",,2
noxplayer,NoxPlayer updates distributed targeted malware.,NoxPlayer,application,https://api.bignox.com,,"BigNox, the company behind NoxPlayer (an Android emulator for PC/Mac), had its update mechanism compromised. Attackers delivered tailored malware payloads to specific users, primarily in Asian countries, without compromising the NoxPlayer software itself initially. The attackers gained access to BigNox's update infrastructure to deliver these malicious updates.",,2020,2020-09-01,2021-01-25,Nation-state,state,C++,update_infrastructure_compromise,espionage_targeted_surveillance,false,distribution,"backdoor, remote_access, spyware",5,"https://securelist.com/operation-noxplayer/100644/ # Original Kaspersky report (Link confirmed dead, needs alternative), https://www.eset.com/int/about/newsroom/press-releases/research/eset-discovers-operation-noxplayer-supply-chain-attack-infiltrates-gaming-community-in-asia/ # Original ESET press release (Link confirmed dead, needs alternative)",,1
able-desktop,Able Desktop installer distributed malware,Able Desktop,application,https://able.co.kr,,"Attackers compromised Able Desktop's website and used the Korean software company's own download path to distribute a trojanized installer. The malicious build carried a remote access backdoor, turning a routine desktop installation into a foothold delivered from a familiar vendor domain.",,2020,2020-11-01,2020-12-31,Nation-state,state,C++,website_compromise,espionage,false,distribution,remote_access,30000,"https://securelist.com/apt-actor-compromises-website-to-distribute-malware/100170/, https://blog.malwarebytes.com/threat-analysis/2021/01/able-desktop-supply-chain/",,1
veraport-wizvera,VeraPort plugin pushed malware South Korea.,VeraPort (WIZVERA),application,https://wizvera.com,,"VeraPort, an integrated installation program by WIZVERA, commonly used in South Korea for secure access to government and financial websites, was abused. Its browser plugin mechanism was compromised or leveraged to prompt users to install malware, sometimes signed with stolen digital certificates, effectively turning a trusted security tool into a malware distribution vector. One of the key English-language references detailing this attack is no longer accessible.",,2020,2020-11-01,2020-12-31,Cybercriminal Gang,group,Various,compromised_update_plugin_mechanism,espionage_data_theft_financial_gain,false,distribution,"backdoor, credential_theft, malware_deployment",,https://blog.alyac.co.kr/3547 (Korean - details VeraPort related malware distribution),,1
codecov,Codecov Bash Uploader compromised via CI/CD,codecov,application,https://codecov.io,https://github.com/codecov/codecov-bash,"Attackers modified Codecov's Bash Uploader after gaining access to a private GCP key through a flawed Docker image creation process. The one-line change exfiltrated environment variables from customer CI/CD jobs, pulling credentials, tokens, and keys from build systems. Its impact came from position; one trusted coverage script quietly crossed many private software pipelines.","Codecov was a CI/CD supply-chain compromise with a small code change and a large trust boundary. Attackers obtained a Google Cloud Storage key exposed through Codecov's Docker image creation process. With that key, they periodically altered the hosted Bash Uploader beginning January 31, 2021.

The delivery path was ordinary build automation. Customers invoked `https://codecov.io/bash`, the raw GitHub uploader, or the S3-hosted script from CI jobs to publish coverage reports. The compromised uploader added a curl-based exfiltration line that sent Git remotes and environment variables to attacker infrastructure.

The payload did not need to run on developer laptops. It ran where secrets were dense: CI workers. Environment variables could include cloud credentials, deploy keys, package tokens, GitHub tokens, signing material, and service credentials. BleepingComputer reported Reuters-sourced claims that hundreds of customer networks were breached, while Codecov's customer base exceeded 29,000 organizations.

A customer noticed a checksum mismatch on April 1, 2021, ending a two-month detection gap. Codecov disclosed the incident on April 15 and urged customers to rotate credentials and audit CI systems. The hard lesson was simple: fetching a mutable shell script at build time converts a coverage upload helper into a privileged remote code path.
",2021,2021-01-31,2021-04-01,Unknown,unknown,Shell,stolen_credentials,espionage,true,ci_cd,"credential_theft, data_theft",,"Codecov Security Update <https://about.codecov.io/security-update/>, Post-Mortem / Root Cause Analysis - April 2021 <https://about.codecov.io/apr-2021-post-mortem/>, Hundreds of networks reportedly hacked in Codecov supply-chain attack <https://www.bleepingcomputer.com/news/security/hundreds-of-networks-reportedly-hacked-in-codecov-supply-chain-attack/>, Codecov Bash Uploader compromised sample <https://gist.github.com/davidrans/ca6e9ffa5865983d9f6aa00b7a4a1d10>",,1
monpass,MonPass Mongolian CA distributed Cobalt Strike-laced installer,monpass,application,https://int.monpass.mn,,"Avast disclosed in July 2021 that the official client installer for MonPass — a major Mongolian certificate authority — was backdoored on the company's download site between 2021-02-08 and 2021-03-03. The trojanized installer wrapped the legitimate MonPass client (used by Mongolian users to interact with their digital certificates), executing it normally while side-loading a Cobalt Strike beacon for remote access. Avast notified MonPass, which acknowledged the compromise and notified affected customers.",,2021,2021-02-08,2021-03-03,Nation-state,state,c++,website_compromise,espionage,false,distribution,"backdoor, remote_access",,"https://www.gendigital.com/blog/insights/research/backdoored-client-from-mongolian-ca-monpass, https://www.bleepingcomputer.com/news/security/mongolian-certificate-authority-monpass-breached-website-served-malware/, https://thehackernews.com/2021/07/mongolian-certificate-authority-hacked.html",,1
gigaset-android-update-service,Gigaset Android update service distributed malware,Gigaset Android update service,mobile_update_service,https://www.gigaset.com,,"Older Gigaset Android phones received malware through the pre-installed Update app after an external update service server was compromised. Reports began around late March and early April 2021, with Gigaset saying the infection was stopped on April 7. The malicious chain used com.redstone.ota.ui to reinstall downloader and SMS malware such as gem, smart, xiaoan, and com.yhn4621.ujm0317 after users removed them.","The Gigaset incident used Android maintenance software. The package `com.redstone.ota.ui` was a pre-installed system updater, not an app a user had chosen from a store. On affected older phones, that trusted update path reinstalled malware after users removed it.

Malwarebytes identified the updater as Android/PUP.Riskware.Autoins.Redstone and reported that it installed Android/Trojan.Downloader.Agent.WAGD payloads with package names beginning `com.wagd.`. Users saw browsers opening to game sites, unwanted apps returning after deletion, and messages sent through WhatsApp. Some devices also received Android/Trojan.SMS.Agent.YHN4, adding SMS abuse to the chain.

Gigaset later said older GS100, GS160, GS170, GS180, GS270, GS270 plus, GS370, and GS370 plus lines were potentially affected, while newer listed models were not. The company attributed the malware installation to a compromised server belonging to an external update service provider and said the infection path was stopped on April 7, 2021.
",2021,2021-03-27,2021-04-07,Unknown,unknown,Android,update_infrastructure_compromise,malware_distribution,false,distribution,"malware_distribution, downloader, sms_abuse, adware",,"Pre-installed auto installer threat found on Android mobile devices in Germany <https://www.malwarebytes.com/blog/news/2021/04/pre-installed-auto-installer-threat-found-on-android-mobile-devices-in-germany>, Another supply-chain attack? Android maker Gigaset injects malware into victims' phones via poisoned update <https://www.theregister.com/2021/04/07/gigaset_supply_chain_malware_android_phones/>, Gigaset Android phones infected by malware via hacked update server <https://www.bleepingcomputer.com/news/security/gigaset-android-phones-infected-by-malware-via-hacked-update-server/>",,1
passwordstate,Passwordstate update pushed Moserpass credential stealer.,Passwordstate,application,https://clickstudios.com.au,,"Passwordstate's enterprise password manager update mechanism was compromised by an unknown actor. For about 28 hours, it distributed a malicious update containing Moserpass, malware built to exfiltrate system details and stored Passwordstate credential data from the very vault trusted to protect secrets.",,2021,2021-04-20T20:33:00Z,2021-04-22T00:30:00Z,Unknown attacker,unknown,,update_mechanism_compromise,credential_theft_data_theft,false,distribution,"credential_theft, data_exfiltration",1000,"https://www.csis.dk/newsroom-blog-overview/2021/moserpass/ # CSIS Group analysis (Link confirmed dead, needs alternative), https://www.bleepingcomputer.com/news/security/passwordstate-password-manager-breached-via-supply-chain-attack/ # (Link confirmed dead, needs alternative), https://socprime.com/blog/passwordstate-supply-chain-attack-exposes-29k-companies-to-the-risk-of-compromise/ # (Link confirmed dead, needs alternative), https://www.clickstudios.com.au/passwordstate-supply-chain-attack-information.html # Original vendor advisory page (Link confirmed dead/server error, needs alternative)",,1
kaseya-vsa,Kaseya VSA distributed REvil ransomware,Kaseya VSA,application,https://kaseya.com,,"REvil exploited Kaseya VSA on-premises servers on July 2, 2021 and used the remote monitoring platform to push ransomware through managed service providers into downstream customer networks. The chain delivered agent.crt, decoded it into agent.exe, dropped a legitimate Windows Defender binary, and sideloaded the malicious mpsvc.dll encryptor. Kaseya said fewer than 60 customers were affected, but downstream impact reached roughly 800 to 1,500 organizations.","Kaseya VSA gave managed service providers central control over customer fleets. They used it to push scripts, deploy software, and administer many networks from one console. On July 2, 2021, REvil used that management plane to distribute ransomware.

The attackers exploited vulnerabilities in on-premises VSA servers, then used normal VSA agent execution paths to push a payload to managed endpoints. The chain used `agent.crt` as encoded content, decoded it into `agent.exe`, dropped a legitimate Microsoft Defender executable, and sideloaded `mpsvc.dll` as the REvil encryptor. To endpoints, the activity arrived through the tool already allowed to manage them.

Kaseya reported fewer than 60 directly affected customers, but many were MSPs, so the attack reached downstream customer networks. CISA and the FBI urged MSPs and downstream customers to shut down VSA servers, use Kaseya's detection tooling, enforce MFA, restrict remote monitoring and management access, and restore carefully from clean backups.

REvil publicly claimed responsibility and demanded $70 million in bitcoin for a universal decryptor. Individual victims reportedly saw demands from tens of thousands to millions of dollars. Kaseya restored SaaS service and released on-premises patches on July 11.
",2021,2021-07-02,2021-07-11,REvil,group,C#,exploit,financial_gain,false,distribution,"ransomware, data_encryption, service_disruption",1500,"CISA Advisory AA21-201A: Ransomware Awareness for Holidays and Weekends <https://www.cisa.gov/news-events/cybersecurity-advisories/aa21-201a>, CISA-FBI Guidance for MSPs and their Customers Affected by the Kaseya VSA Supply-Chain Ransomware Attack <https://www.cisa.gov/news-events/alerts/2021/07/04/cisa-fbi-guidance-msps-and-their-customers-affected-kaseya-vsa-supply>, Kaseya Ransomware Attack - Guidance for Affected MSPs and their Customers <https://www.cisa.gov/news-events/news/kaseya-ransomware-attack-guidance-affected-msps-and-their-customers>, Kaseya VSA Security Incident <https://helpdesk.kaseya.com/hc/en-gb/articles/4403440684689-Kaseya-VSA-Security-Incident>, Kaseya Supply Chain Attack - What We Know <https://www.mandiant.com/resources/blog/kaseya-supply-chain-attack-what-we-know>, Kaseya VSA Supply Chain Attack - What We Know So Far <https://www.huntress.com/blog/kaseya-vsa-supply-chain-attack-what-we-know-so-far>, Rapid Response - Kaseya VSA Mass MSP Ransomware Incident <https://www.huntress.com/blog/rapid-response-kaseya-vsa-mass-msp-ransomware-incident>, REvil gang asks for $70 million to decrypt systems locked in Kaseya attack <https://therecord.media/revil-gang-asks-70-million-to-decrypt-systems-locked-in-kaseya-attack>, Kaseya VSA Ransomware Attack Explained <https://purplesec.us/breach-report/kaseya-ransomware-attack-explained/>",,1
x-trader,Trading Technologies X_TRADER software delivered backdoor.,X_TRADER,application,https://tradingtechnologies.com,,"A compromised installer for the retired X_TRADER financial software, available on Trading Technologies' official website and signed with their certificate, contained the VEILEDSIGNAL backdoor. It infected a 3CX employee, initiating a cascading supply chain attack, and reportedly impacted other energy and financial sector organizations.",,2021,2021-11-01,2022-07-26,Nation-state,state,,website_compromise,financial_gain,false,distribution,"backdoor, remote_access",97,"https://cloud.google.com/blog/topics/threat-intelligence/3cx-software-supply-chain-compromise, https://www.securityweek.com/cascading-supply-chain-attack-3cx-hacked-after-employee-downloaded-trojanized-app/, https://www.cybersecuritydive.com/news/3cx-x-trader-symantec-supply-chain/648414/, https://www.zetter-zeroday.com/software-maker-3cx-was-compromised/",,1
fantasy-agrius,Agrius pushed Fantasy wiper through Israeli diamond-industry software update,fantasy-agrius,application,,,"ESET disclosed on 2022-12-07 that the Iran-aligned Agrius APT abused the official update mechanism of an unnamed Israeli software developer whose suite is used in the diamond industry to deploy the Fantasy data wiper alongside the Sandals lateral-movement tool. Credential-harvesting tools were pre-positioned on 2022-02-20; the wiper rollout completed in under three hours on 2022-03-12 across customers in Israel (an IT support services firm, a diamond wholesaler, an HR consulting firm), South Africa (a diamond-industry organisation), and Hong Kong (a jeweler). The vendor did not respond to ESET's notification. Fantasy is a successor to Agrius's earlier Apostle wiper.",,2022,2022-02-20,2022-03-12,Nation-state,state,c++,update_infrastructure_compromise,data_destruction,true,distribution,data_destruction,,"https://www.welivesecurity.com/2022/12/07/fantasy-new-agrius-wiper-supply-chain-attack/, https://thehackernews.com/2022/12/iranian-agrius-apt-targets-diamond.html, https://www.bleepingcomputer.com/news/security/iranian-hackers-deploy-new-fantasy-malware-in-supply-chain-attack/",,1
spam,spam PyPI package compromised via phishing.,spam,library,,,"During the same JuiceLedger phishing wave that hit exotel, the maintainer account for the PyPI package spam was compromised. Malicious versions 2.0.2 and 4.0.2 were uploaded with installation logic that downloaded and executed infostealer malware on developer systems during installs.",,2022,2022-08-01,2022-08-31,Threat Actor,group,Python,phishing_stolen_credentials,credential_theft_data_theft,false,distribution,"infostealer, credential_theft",200000,"https://checkmarx.com/blog/first-known-phishing-attack-against-pypi-users/, https://www.sentinelone.com/labs/pypi-phishing-campaign-juiceledger-threat-actor-pivots-from-fake-apps-to-supply-chain-attacks/, https://www.itpro.com/security/phishing/368899/pypi-packages-succumb-to-mailchimp-phishing-scam",,1
fishpig-magento-rekoobe,FishPig Magento extensions distributed ReKoobe,FishPig Magento extensions,extension,https://fishpig.co.uk,,"FishPig's paid Magento 2 extension distribution was compromised in 2022, and altered extension code downloaded the ReKoobe Linux backdoor from FishPig infrastructure when a logged-in Magento staff user visited the FishPig control panel. The attack primarily affected paid FishPig modules, while free GitHub-hosted extensions appeared clean. Sansec reported the distribution server was compromised by August 19; FishPig said products may have been altered as early as August 6.","FishPig sold Magento extensions that integrated Adobe Commerce and Magento stores with WordPress. That made its paid module distribution path a natural bridge into ecommerce servers: administrators installed the extension to run their storefront, then trusted the module's license checks and backend control panel code as part of normal operations.

The attackers changed License.php, a file normally involved in FishPig license validation. When a logged-in Magento staff user opened the FishPig control panel, the altered code fetched lic.png from license.fishpig.co.uk, saved it as lic.bin, made it executable, ran it with the store's admin domain, and removed the temporary file. The innocent-looking license asset was the ReKoobe Linux backdoor.

ReKoobe used /tmp/.varnish7684 as a guard file, deleted its files after launch, stayed resident in memory, and disguised itself as common system processes such as cron, udevd, auditd, rsyslogd, or dbus-daemon. Sansec reported the malware waited for commands from 46.183.217.223 in Latvia, giving attackers remote control over affected ecommerce servers.

The date boundary is imprecise but important. Sansec said the FishPig distribution server was compromised on or before August 19, 2022, while The Register cited FishPig's disclosure that products were altered as early as August 6. FishPig recommended customers reinstall all paid modules, scan servers, and restart hosts to kill hidden in-memory processes.
",2022,2022-08-06,2022-09-13,Unknown,unknown,PHP,vendor_server_compromise,remote_access,false,distribution,"backdoor, remote_access, system_compromise",,"Magento vendor Fishpig hacked, backdoors added <https://sansec.io/research/rekoobe-fishpig-magento>, WordPress-powered sites backdoored after FishPig suffers supply chain attack <https://www.theregister.com/security/2022/09/15/wordpress-sites-backdoored-after-fishpig-supply-chain-attack/683306>",,1
comm100,Comm100 chat installer delivered backdoor malware.,Comm100,application,https://comm100.com,,"Attackers compromised the official website of Comm100 (customer engagement software vendor) to distribute a trojanized version of their Windows Desktop Agent installer. The installer, signed with a valid Comm100 certificate, contained a JavaScript backdoor leading to potential remote shell access and further malware deployment.",,2022,2022-09-27,2022-09-29,Nation-state,state,,website_compromise,espionage_initial_access,false,distribution,"backdoor, remote_access",1000,"https://www.crowdstrike.com/blog/crowdstrike-detects-supply-chain-attack-targeting-comm100-customers/, https://www.cyber.gc.ca/en/alerts-advisories/supply-chain-compromise-impacting-comm100-live-chat-software, https://therecord.media/report-commercial-chat-provider-hijacked-to-spread-malware-in-supply-chain-attack, https://socradar.io/comm100-installer-abused-in-supply-chain-attack-to-distribute-malware/",,1
3cx,3CX app updates delivered multi-stage malware,3CX,application,https://3cx.com,,"Attackers compromised 3CX's build process and shipped malware through signed Desktop App updates for Windows and macOS to a customer base spanning hundreds of thousands of organizations. The breach cascaded from another supply-chain attack, X_TRADER, and turned 3CX into a downstream delivery system for SUDDENICON, ICONICSTEALER, and follow-on payloads inside enterprise networks. Mandiant tracked the activity as UNC4736, a suspected North Korean nexus cluster.","The 3CX incident is the cleanest modern example of one supply-chain attack becoming another. Mandiant found that the first known intrusion path into 3CX came from a trojanized X_TRADER installer downloaded from Trading Technologies' legitimate website. That earlier compromise installed VEILEDSIGNAL, giving the attacker a foothold that eventually reached 3CX's build environment.

Once inside 3CX, the actor compromised both Windows and macOS build systems. The Windows side used TAXHAUL and COLDCAT in the build environment, while the macOS build server carried POOLRAT. Signed 3CX Desktop App installers then became the distribution channel, carrying malicious code through normal vendor downloads and updates.

The shipped Desktop App malware ran SUDDENICON, which pulled command-and-control data from encrypted icon files hosted on GitHub. The decrypted infrastructure was then used to retrieve ICONICSTEALER, a dataminer focused on browser and application configuration data. Mandiant tied the activity to UNC4736, assessed as a suspected North Korean cluster with overlap to financially motivated AppleJeus activity.

The early response added another lesson. The Register reported that SentinelOne saw suspicious activity on March 22, 2023, but 3CX treated the alert as a likely false positive after VirusTotal checks came back clean. CrowdStrike reporting on March 29 forced the issue into the open, and 3CX told customers to move to the PWA while the desktop app was investigated.
",2022,2022-12-07,2023-03-30,UNC4736,state,C,build_system_compromise,espionage,true,ci_cd,"backdoor, data_theft, remote_access",600000,"3CX Software Supply Chain Compromise <https://www.mandiant.com/resources/blog/3cx-software-supply-chain-compromise>, 3CX Software Supply Chain Compromise Initiated by a Prior Software Supply Chain Compromise <https://cloud.google.com/blog/topics/threat-intelligence/3cx-software-supply-chain-compromise>, 3CX Supply Chain Compromise Leads to ICONIC Incident <https://www.volexity.com/blog/2023/03/30/3cx-supply-chain-compromise-leads-to-iconic-incident/>, CISA Alert AA23-090A - Supply Chain Compromise of 3CX Desktop App <https://www.cisa.gov/news-events/cybersecurity-advisories/aa23-090a>, 3CX thought supply chain attack was a false positive <https://www.theregister.com/security/2023/04/03/3cx-decided-supply-chain-attack-indicator-was-false-positive/1134697>",,3
cyberlink,CyberLink installer compromised to distribute malware.,CyberLink,application,https://cyberlink.com,,"A North Korean group tracked as Diamond Sleet or ZINC modified a legitimate CyberLink multimedia installer and signed it with a valid certificate. Hosted on CyberLink's update infrastructure, the LambLoad trojanized installer downloaded secondary payloads onto victim systems across multiple countries.",,2023,2023-10-20,2023-11-22,Nation-state,state,,vendor_infrastructure_compromise,espionage_data_theft,false,distribution,"backdoor, remote_access",100,"https://www.microsoft.com/en-us/security/blog/2023/11/22/diamond-sleet-supply-chain-compromise-distributes-a-modified-cyberlink-installer/, https://thehackernews.com/2023/11/north-korean-hackers-distribute.html, https://www.bleepingcomputer.com/news/security/microsoft-north-korean-hackers-breached-cyberlink-in-supply-chain-attack/",,1
anydesk,AnyDesk Production Environment Breach (2024),anydesk,application,https://anydesk.com,,"AnyDesk disclosed a breach of its production systems resulting in the theft of source code and private code-signing certificates. While not a ransomware attack, the stolen certificates were later used by threat actors to sign malware (such as Agent Tesla) as legitimate AnyDesk software.",,2024,2024-01-29,2024-02-02,Third Party,group,C++,system_compromise,espionage,false,production,"data_leak, certificate_theft",18000,https://thehackernews.com/2024/02/anydesk-hit-by-cyber-attack-hackers.html,,1
justice-av-solutions-javs-viewer,JAVS Viewer installer distributed backdoor.,Justice AV Solutions (JAVS) Viewer,application,https://javs.com,,"A specific JAVS Viewer release used for courtroom audio-visual recording was compromised through the official installer path. The backdoored build gave attackers potential full control of affected systems, placing covert access inside software trusted for legal records and evidence handling.",,2024,2024-02-01,2024-05-10,Unknown,unknown,C++,compromised_installer,espionage_remote_access,false,distribution,"backdoor, remote_access, data_theft",,"https://www.rapid7.com/blog/post/2024/05/23/cve-2024-4978-backdoored-justice-av-solutions-viewer-software-used-in-apparent-supply-chain-attack/, https://nvd.nist.gov/vuln/detail/CVE-2024-4978, https://www.cisa.gov/news-events/alerts/2024/05/29/cisa-adds-one-known-exploited-vulnerability-kev-catalog",,1
ksystem-erp,KSystem ERP update program compromised.,KSystem ERP,application,https://ksystem.co.kr,,"The KSystem ERP update program was compromised by the Andariel group, turning ClientUpdater.exe into a delivery path for Xctdoor. The malicious routines enabled data theft and remote control, placing an espionage backdoor inside the operational rhythm of enterprise resource planning software.",,2024,2024-05-01,2024-05-31,Nation-state,state,C,server_compromise,espionage_data_theft,false,distribution,"data_theft, remote_access, backdoor",,"https://blog.ksystem.co.kr/%EB%B3%B4%EC%95%88%EC%B9%A8%ED%95%B4%EB%B0%A9%EC%A7%80%EB%A5%BC-%EC%9C%84%ED%95%9C-%EC%B7%A8%EC%95%BD%EC%84%B1-%EC%A0%90%EA%B2%80-%EC%A1%B0%EC%B9%98-%EC%95%88%EB%82%B4/?ckattempt=1, https://asec.ahnlab.com/en/74835/",,1
ipany-vpn,South Korean IPany VPN installer backdoored.,IPany VPN,application,https://ipany.co.kr,,"The legitimate installer for IPany VPN, a South Korean VPN provider, available on their official website was replaced with a malicious version. This trojanized installer deployed both the legitimate VPN software and the SlowStepper backdoor, used by the PlushDaemon APT group (suspected China-aligned) for espionage.",,2024,2024-05-01,2024-05-31,Nation-state,state,Python,website_compromise,espionage,false,distribution,"backdoor, data_theft, remote_access",,"https://www.eset.com/us/about/newsroom/press-releases/eset-discovers-new-china-aligned-apt-group-plushdaemon-and-its-supply-chain-attack-on-south-korean-vpn-service/, https://www.bleepingcomputer.com/news/security/hackers-backdoor-south-korean-vpn-installer-with-feature-rich-malware/, https://www.welivesecurity.com/en/eset-research/plushdaemon-china-aligned-group-backdoors-south-korean-vpn/",,1
conceptworld,"Conceptworld installers trojanized, data theft.",Conceptworld,application,https://conceptworld.com,,"Installers for Conceptworld's Notezilla, RecentX, and Copywhiz were compromised on conceptworld.com. The trojanized builds stole browser credentials, crypto wallets, clipboard and keystroke data, then downloaded more payloads. Rapid7 disclosed the issue, and Conceptworld remediated the download path within 12 hours.",,2024,2024-06-07,2024-06-24,Unknown attacker,unknown,Python,website_compromise,financial_gain_data_theft,false,distribution,"credential_theft, cryptocurrency_theft, data_theft, remote_access",,"https://thehackernews.com/2024/07/indian-software-firms-products-hacked.html, https://www.rapid7.com/blog/post/2024/06/27/supply-chain-compromise-leads-to-trojanized-installers-for-notezilla-recentx-copywhiz/",,6
android-triada-counterfeit-smartphones-2025,Counterfeit Android smartphones shipped with Triada.z firmware backdoor,Counterfeit Android smartphone firmware,firmware,,,"Kaspersky disclosed a 2025 Triada wave embedded in counterfeit Android smartphone firmware before sale. The infected system framework loaded binder.so into Zygote, placed modules into every app process, and delivered credential theft, messaging compromise, browser redirection, SMS abuse, reverse proxying, and crypto-stealing modules. Kaspersky telemetry detected more than 4,500 infected devices between March 13 and April 15, 2025, with stolen cryptocurrency exceeding $264,000.","Kaspersky found fake smartphones sold through online marketplaces with Triada.z embedded in firmware. The firmware fingerprints differed from official firmware by a single final letter. The devices were counterfeit and already infected when sold.

The infected `boot-framework.oat` caused a malicious native library, `binder.so`, to load into Zygote, the parent process for Android applications. From there, Triada placed modules into every launched app process and could tailor behavior to the active package.

The payload set was broad. Kaspersky documented modules for Telegram, Instagram, browsers, WhatsApp, LINE, Skype, TikTok, Facebook, SMS, calls, reverse proxying, and cryptocurrency theft. The crypto module could replace wallet addresses and QR codes, while messaging modules stole tokens, filtered verification messages, and hid traces.

This is modeled as a separate attack from the earlier Android Triada firmware cases because the distribution evidence is different. The 2025 reporting points to counterfeit devices from online marketplaces, over 4,500 Kaspersky detections from March 13 to April 15, and attacker wallets holding more than $264,000 traced to the campaign since June 13, 2024.
",2024,2024-06-13,2025-04-25,Unknown,unknown,Android,counterfeit_firmware_compromise,financial_gain_credential_theft_account_takeover,false,manufacturing,"backdoor, rootkit, credential_theft, cryptocurrency_theft, sms_abuse, proxy",4500,"Triada strikes back <https://securelist.com/triada-trojan-modules-analysis/116380/>, Trojan embedded in fake Android smartphones <https://www.kaspersky.com/blog/trojan-in-fake-smartphones/53331/>",,1
sqgame,ScarCruft compromised sqgame distributing BirdCall.,sqgame,game,https://sqgame.com,,"ScarCruft (APT37) compromised the sqgame gaming platform's website to distribute trojanized Android APKs and a malicious Windows update package. The campaign, active since late 2024, utilized the BirdCall backdoor and RokRAT downloader to steal personal data and perform surveillance on ethnic Koreans in China.",,2024,2024-10-01,Ongoing,Nation-state,state,"C++, Java",website_compromise,espionage,false,distribution,"backdoor, data_theft, remote_access",1000,https://www.welivesecurity.com/en/eset-research/rigged-game-scarcruft-compromises-gaming-platform-supply-chain-attack/,,1
procolored,Procolored printer software downloads contained malware,Procolored,driver,https://procolored.com,,"Procolored shipped printer companion software through USB media and official website download links that led to infected Mega-hosted packages. Cameron Coward first found Floxif on vendor-supplied media while reviewing a V11 Pro DTO printer; G DATA then confirmed malware in official downloads for six product lines. The website packages contained XRedRAT and SnipVex, enabling remote control, keylogging, screenshots, file manipulation, and clipboard cryptocurrency theft before Procolored removed the downloads around May 8, 2025.",,2024,2024-10-01,2025-05-08,Unknown,unknown,multiple,compromised_distribution,financial_gain,true,distribution,"backdoor, credential_theft, file_infection",1000,"https://www.hackster.io/news/the-maker-s-toolbox-procolored-v11-pro-dto-uv-printer-review-680d491e17e3, https://blog.gdatasoftware.com/2025/05/38200-printer-infected-software-downloads, https://www.bleepingcomputer.com/news/security/printer-maker-procolored-offered-malware-laced-drivers-for-months/, https://www.reddit.com/r/computerviruses/comments/1kbkmgq/viruses_included_in_product_im_reviewing/, https://www.howtogeek.com/procolored-malware-infected-drivers/, https://www.neowin.net/news/this-printer-company-served-you-malware-for-months-and-dismissed-it-as-false-positives/",,6
vipnet-client-infotecs,ViPNet updates mimicked to deploy backdoor.,ViPNet Client (InfoTeCS),application,,,"A sophisticated backdoor was distributed disguised as updates for ViPNet, a secure networking software suite by InfoTeCS used in Russia. Attackers crafted update archives that, when processed by the ViPNet update service component, would execute a malicious loader and deploy a versatile backdoor.",,2025,2025-04-01,2025-04-22,APT group,group,C++,compromised_update_package,espionage,false,distribution,"backdoor, data_theft, remote_access",,https://securelist.com/new-backdoor-mimics-security-software-update/116246/,,1
escan,eScan Antivirus Update Supply Chain Attack,escan,application,https://escanav.com,,"Attackers compromised the legitimate eScan antivirus update infrastructure to distribute a trojanized version of Reload.exe (32-bit). This component dropped a persistent downloader (CONSCTLX.exe) that used scheduled tasks, registry modifications, and hosts file tampering to block remote updates and evade remediation while maintaining backdoor access.",,2026,2026-01-20,2026-01-21,Third Party,group,C++,compromised_infrastructure,remote_access_persistence,false,distribution,persistence,,"https://www.morphisec.com/blog/critical-escan-threat-bulletin/, https://securelist.com/escan-supply-chain-attack/118688/",,1
xygeni-action,Xygeni GitHub Action v5 tag poisoning compromise,xygeni-action,ci_cd_plugin,https://github.com,https://github.com/xygeni/xygeni-action,"Compromised Xygeni maintainer and GitHub App credentials were used to open malicious pull requests against xygeni/xygeni-action, but branch protections blocked the changes from merging. The attacker instead moved the mutable v5 tag to a malicious PR commit, so workflows pinned to xygeni/xygeni-action@v5 could execute a reverse-shell backdoor without any workflow-file change. Xygeni removed the poisoned tag, rotated credentials, removed the compromised app, and enabled tag protections and release immutability. The vendor reported no main-branch, SaaS, customer-data, or confirmed customer CI compromise.",,2026,2026-03-03,2026-03-10,Unknown,unknown,YAML/Shell,compromised_account_credentials,credential_theft_remote_access,false,source,"remote_code_execution, credential_theft",,"https://www.stepsecurity.io/blog/xygeni-action-compromised-c2-reverse-shell-backdoor-injected-via-tag-poisoning, https://xygeni.io/blog/security-incident-report-xygeni-action-github-action-compromise/",,1
checkmarx-march-2026,Checkmarx March 2026 GitHub Actions and OpenVSX compromise,checkmarx-march-2026,ci_cd_plugin,,https://github.com/Checkmarx,"TeamPCP turned Checkmarx's own developer tooling into a credential-harvesting path on March 23, 2026. Malicious GitHub Action tags and OpenVSX extensions reached CI runners and developer workstations, collecting environment variables, cloud keys, SSH material, Kubernetes tokens, and Checkmarx credentials before exfiltration to attacker infrastructure. The incident mattered because security scanners and IDE plugins sit directly inside privileged build and development workflows.",,2026,2026-03-23,2026-03-23,Advanced Persistent Threat,group,Shell,compromised_account_credentials,credential_theft,true,ci_cd,credential_theft,,"https://checkmarx.com/blog/ongoing-security-updates/, https://checkmarx.com/blog/checkmarx-security-update/, https://www.wiz.io/blog/teampcp-attack-kics-github-action, https://www.stepsecurity.io/blog/checkmarx-kics-github-action-compromised-malware-injected-in-all-git-tags",,4
daemon-tools,Trojanized DAEMON Tools distributed QUIC RAT.,DAEMON Tools,application,https://daemontools.cc,,"Attackers compromised official installers for DAEMON Tools, a popular disk imaging software, to distribute multi-stage malware. The infection chain included an information collector and a complex ""QUIC RAT"" backdoor, which was used for targeted espionage against government and scientific organizations globally.",,2026,2026-04-08,Ongoing,Chinese-speaking actor,group,C++,website_compromise,espionage,false,distribution,"backdoor, data_theft, remote_access",50000,https://securelist.com/tr/daemon-tools-backdoor/119654/,,1
cpuid-hwmonitor,CPUID HWMonitor and CPU-Z Supply Chain Attack (STX RAT),cpuid-hwmonitor,application,https://cpuid.com,,"The official CPUID download page was hijacked by compromising a secondary API to redirect legitimate download requests for HWMonitor (v1.63) and CPU-Z to a malicious Cloudflare R2 bucket. The downloaded archive contained a malicious cryptbase.dll that was sideloaded by the legitimate executable. This initiated a sophisticated five-stage in-memory execution chain to deploy the STX RAT infostealer, which harvested browser credentials, session cookies, crypto wallet keys, and VPN/FTP credentials.",,2026,2026-04-09,2026-04-09,Third Party,group,C++,compromised_infrastructure,credential_theft,false,distribution,credential_theft,,"https://www.cyderes.com/howler-cell/how-cpuids-hwmonitor-supply-chain-was-hijacked-to-deploy-stx-rat, https://www.igorslab.de/en/warning-cpuid-suspected-of-being-a-virus-suspicious-hwmonitor-downloads-are-causing-alarm/, https://www.reddit.com/r/pcmasterrace/comments/1sh4e5l/warning_hwmonitor_163_download_on_the_official/",,2
checkmarx-april-2026,Checkmarx April 2026 artifact compromise wave,checkmarx-april-2026,ci_cd_plugin,,https://github.com/Checkmarx,"The April 2026 Checkmarx wave reached additional official distribution channels after the March TeamPCP incident. Checkmarx reported malicious AST GitHub Action, KICS DockerHub, and IDE extension artifacts on April 22, shifting the exposure from a single March day into a later release-channel cleanup problem. The record keeps those artifacts together while preserving their package, version, and distribution-specific details.",,2026,2026-04-22,2026-04-22,Advanced Persistent Threat,group,Shell,compromised_account_credentials,credential_theft,true,distribution,credential_theft,,"https://checkmarx.com/blog/ongoing-security-updates/, https://checkmarx.com/blog/checkmarx-security-update-april-22/",,4
jdownloader,JDownloader Website CMS Compromise (2026),jdownloader,application,https://jdownloader.org,,"Attackers compromised the jdownloader.org CMS and replaced selected installer links with redirects to malicious third-party binaries. The Windows alternative installer and Linux shell installer were affected; signed in-app updates and third-party mirrors were not. Probing began around May 5, 2026, full manipulation started May 6, and the site returned with verified clean links on May 8-9.",,2026,2026-05-06,2026-05-07,Unknown,unknown,Java,website_compromise,unknown,false,distribution,malware_delivery,,https://jdownloader.org/incident_8.5.2026.html,,8
checkmarx-may-2026,Checkmarx May 2026 Jenkins AST plugin compromise,Checkmarx Jenkins AST Scanner,plugin,,https://plugins.jenkins.io/checkmarx-ast-scanner,"The May 2026 Checkmarx record tracks the Jenkins AST plugin rather than folding it into the March or April waves. A malicious 2026.5.09 release reached the Jenkins Marketplace, putting build pipelines at risk through a trusted scanner plugin. Checkmarx's official incident update lists the exposure window from 2026-05-09 01:25 UTC to 2026-05-10 08:47 UTC and advises users to avoid the poisoned release and verify known-good plugin versions.","TeamPCP returned to Checkmarx through a channel built for trust: the Jenkins AST Scanner plugin. Checkmarx said a modified version of the plugin was published to the Jenkins Marketplace, where Jenkins controllers could pull it as a normal security-scanning integration. The compromised version was 2026.5.09.

The impact was not limited to the plugin process itself. A Jenkins scanner plugin runs inside CI/CD infrastructure, close to source code, environment variables, credentials stores, cloud tokens, Kubernetes material, and deployment secrets. That makes a backdoored security tool a direct path into the systems it was meant to inspect.

Public reporting also described GitHub-side defacement. The plugin repository was renamed with a TeamPCP taunt and its description claimed Checkmarx failed to rotate secrets, matching the actor's habit of pairing payload delivery with public humiliation. The incident followed March and April Checkmarx artifact compromises, so this record stays separate by date and artifact scope while preserving the repeated-access pattern.

Checkmarx published malicious artifact hashes for the HPI, JAR, and POM files and told users to ensure they were on 2.0.13-829.vc72453fa_1c16 from December 17, 2025 or an earlier safe version while clean releases were restored. Jenkins update metadata later showed clean May 9 releases 2.0.13-847.v08c0072b_2fd5 and 2.0.13-848.v76e89de8a_053.
",2026,2026-05-09T01:25:00Z,2026-05-10T08:47:00Z,TeamPCP,group,Java,compromised_account_credentials,credential_theft,true,distribution,credential_theft,,"Update: Ongoing Checkmarx Supply Chain Security Incident <https://checkmarx.com/blog/ongoing-security-updates/>, Checkmarx Jenkins Plugin Backdoored in New TeamPCP Supply Chain Attack <https://socradar.io/blog/checkmarx-jenkins-plugin-teampcp-backdoor/>, Checkmarx tackles another TeamPCP intrusion as Jenkins plugin sabotaged <https://www.theregister.com/devops/2026/05/11/checkmarx-tackles-another-teampcp-intrusion-as-jenkins-plugin-sabotaged/5237780>, Checkmarx AST Scanner Jenkins Update Metadata <https://updates.jenkins.io/download/plugins/checkmarx-ast-scanner/>, Checkmarx AST Scanner Jenkins Plugin Releases <https://plugins.jenkins.io/checkmarx-ast-scanner/releases/>",,1
